Workbook

Sheet Dashboard
A1: COMPONENT QC INSPECTION — QUALITY DASHBOARD
B2: Lab Sensor & Sistem Telekontrol (SSTK) | Dept. Teknik Nuklir & Teknik Fisika, UGM | 4 Praktikum | ~80 Mahasiswa/Minggu | All values auto-calculated
B4: Pass Rate Elektronika Analog | D4: Pass Rate Elektronika Digital | H4: Pass Rate Sistem Instrumentasi | J4: Pass Rate Jaringan Komunikasi
B6: =IFERROR(Elek_Analog!I66/Elek_Analog!H66,0) -> 0.875 | D6: =IFERROR(Elek_Digital!I66/Elek_Digital!H66,0) -> 0.70833333 | H6: =IFERROR(Sistem_Instr!I66/Sistem_Instr!H66,0) -> 0.8125 | J6: =IFERROR(Jar_Komunikasi!I66/Jar_Komunikasi!H66,0) -> 0.625
B10: ▶ CROSS-PRACTICUM INSPECTION SUMMARY
B11: Practikum | C11: Total Inspected | D11: Total PASS | G11: Top Defect Count
B12: Elektronika Analog | C12: =Elek_Analog!H66 -> 48 | D12: =Elek_Analog!I66 -> 42 | E12: =Elek_Analog!J66 -> 6 | F12: =IFERROR(Elek_Analog!I66/Elek_Analog!H66,0) -> 0.875 | G12: =Elek_Analog!J66 -> 6
B13: Elektronika Digital | C13: =Elek_Digital!H66 -> 48 | D13: =Elek_Digital!I66 -> 34 | E13: =Elek_Digital!J66 -> 14 | F13: =IFERROR(Elek_Digital!I66/Elek_Digital!H66,0) -> 0.70833333 | G13: =Elek_Digital!J66 -> 14
B14: Sistem Instrumentasi | C14: =Sistem_Instr!H66 -> 48 | D14: =Sistem_Instr!I66 -> 39 | E14: =Sistem_Instr!J66 -> 9 | F14: =IFERROR(Sistem_Instr!I66/Sistem_Instr!H66,0) -> 0.8125 | G14: =Sistem_Instr!J66 -> 9
B15: Jaringan Komunikasi | C15: =Jar_Komunikasi!H66 -> 48 | D15: =Jar_Komunikasi!I66 -> 30 | E15: =Jar_Komunikasi!J66 -> 18 | F15: =IFERROR(Jar_Komunikasi!I66/Jar_Komunikasi!H66,0) -> 0.625 | G15: =Jar_Komunikasi!J66 -> 18
B16: TOTAL ALL PRACTIKUM | C16: =SUM(C12:C15) -> 192 | D16: =SUM(D12:D15) -> 145 | E16: =SUM(E12:E15) -> 47 | F16: =IFERROR(D16/C16,0) -> 0.75520833
A19: 📋 FORMULA & CALCULATION NOTES — DASHBOARD FORMULA NOTES
A20: Column / Field | B20: Calculation Logic
A21: KPI Cards — Pass Rate | B21: [Formula] (relay_pass + switch_pass) / (relay_total + switch_total) | G21: AUTO. Pulls PASS and total counts from each practikum sheet's summary row. Updates automatically when new inspection data is added.
A22: Summary Table — Pass Rate | B22: [Formula] pass_count / total_inspected per practikum | G22: AUTO. Per-practikum pass rate from each inspection log summary. All 4 values feed into the cross-practikum bar chart.
A23: Summary Table — Total/PASS/FAIL | B23: [Formula] direct reference to practikum sheet summary row | G23: AUTO. Values sourced directly from summary formulas in each inspection sheet. No manual input required on this sheet.
A24: Bar Chart — Pass Rate by Practikum | B24: References Summary Table Col F (Pass Rate) | G24: AUTO-updated chart. Bars reflect current pass rates from all 4 practikum inspection logs. Provides at-a-glance comparison of quality across practikum types.
A25: ℹ Dashboard requires zero manual input. All values auto-calculated from the 4 practikum inspection sheets. Refresh Excel or open file to recalculate.

Sheet Elek_Analog
A1: PRAKTIKUM ELEKTRONIKA ANALOG — COMPONENT QC INSPECTION LOG
A2: Lab Sensor & Sistem Telekontrol (SSTK) | Dept. Teknik Nuklir & Teknik Fisika, UGM | ~20 Mahasiswa/Sesi
A3: Test Equipment: Multimeter (Sanwa CD771), LCR Meter, Oscilloscope (GDS-1022), DC Power Supply
A5: No. | B5: Part Number | C5: Component Description | D5: Batch / Lot No. | E5: Inspection Date | F5: Qty | G5: Visual Inspection | H5: Spec / Rated Value | I5: Measured Value | J5: Functional Test 1 | K5: Test 1 Result | L5: Functional Test 2 | M5: Test 2 Result | N5: Overall Result | O5: Remarks / Disposition
A6: ⚠ Columns shaded yellow = manual input per inspection session | Columns shaded gray = auto-calculated by formula | Overall Result = auto (PASS only if ALL tests pass)
A7: Inspection Session: Sesi A — Week 1 | Batch: LOT-A-2024
A8: 1 | B8: R-10kΩ-CFR | C8: Resistor 10kΩ | D8: LOT-A-581 | E8: 05-Apr-2026 | F8: 24 | G8: Pass | H8: 10 | I8: 10.19 | J8: Measured Value | K8: =IF(G8="Fail","Fail",IF(ABS(I8-H8)/IF(H8=0,1,H8)<=0.1,"Pass","Fail")) -> Pass | L8: Tolerance | M8: Pass | N8: =IF(AND(G8="Pass",K8="Pass",M8="Pass"),"PASS","FAIL") -> PASS | O8: =IF(N8="PASS","Release to practicum","Quarantine — do not issue to students") -> Release to practicum
A9: 2 | B9: R-1kΩ-CFR | C9: Resistor 1kΩ | D9: LOT-A-875 | E9: 05-Apr-2026 | F9: 25 | G9: Pass | H9: 1 | I9: 0.94 | J9: Measured Value | K9: =IF(G9="Fail","Fail",IF(ABS(I9-H9)/IF(H9=0,1,H9)<=0.1,"Pass","Fail")) -> Pass | L9: Tolerance | M9: Pass | N9: =IF(AND(G9="Pass",K9="Pass",M9="Pass"),"PASS","FAIL") -> PASS | O9: =IF(N9="PASS","Release to practicum","Quarantine — do not issue to students") -> Release to practicum
A10: 3 | B10: C-100µF-EC | C10: Capacitor 100µF | D10: LOT-A-462 | E10: 05-Apr-2026 | F10: 22 | G10: Pass | H10: 100 | I10: 105.47 | J10: Measured Cap | K10: =IF(G10="Fail","Fail",IF(ABS(I10-H10)/IF(H10=0,1,H10)<=0.1,"Pass","Fail")) -> Pass | L10: ESR Test | M10: Pass | N10: =IF(AND(G10="Pass",K10="Pass",M10="Pass"),"PASS","FAIL") -> PASS | O10: =IF(N10="PASS","Release to practicum","Quarantine — do not issue to students") -> Release to practicum
A11: 4 | B11: C-10nF-MLC | C11: Capacitor 10nF | D11: LOT-A-656 | E11: 05-Apr-2026 | F11: 21 | G11: Pass | H11: 10 | I11: 10.05 | J11: Measured Cap | K11: =IF(G11="Fail","Fail",IF(ABS(I11-H11)/IF(H11=0,1,H11)<=0.1,"Pass","Fail")) -> Pass | L11: Tolerance | M11: Pass | N11: =IF(AND(G11="Pass",K11="Pass",M11="Pass"),"PASS","FAIL") -> PASS | O11: =IF(N11="PASS","Release to practicum","Quarantine — do not issue to students") -> Release to practicum
A12: 5 | B12: D-1N4007 | C12: Rectifier Diode | D12: LOT-A-805 | E12: 06-Apr-2026 | F12: 20 | G12: Pass | H12: 0.7 | I12: 0.69 | J12: Vf Measured | K12: =IF(G12="Fail","Fail",IF(ABS(I12-H12)/IF(H12=0,1,H12)<=0.1,"Pass","Fail")) -> Pass | L12: Continuity | M12: Pass | N12: =IF(AND(G12="Pass",K12="Pass",M12="Pass"),"PASS","FAIL") -> PASS | O12: =IF(N12="PASS","Release to practicum","Quarantine — do not issue to students") -> Release to practicum
A13: 6 | B13: D-1N4148 | C13: Signal Diode | D13: LOT-A-644 | E13: 06-Apr-2026 | F13: 23 | G13: Pass | H13: 0.6 | I13: 0.59 | J13: Vf Measured | K13: =IF(G13="Fail","Fail",IF(ABS(I13-H13)/IF(H13=0,1,H13)<=0.1,"Pass","Fail")) -> Pass | L13: Continuity | M13: Fail | N13: =IF(AND(G13="Pass",K13="Pass",M13="Pass"),"PASS","FAIL") -> FAIL | O13: =IF(N13="PASS","Release to practicum","Quarantine — do not issue to students") -> Quarantine — do not issue to students
A14: 7 | B14: Q-BC547 | C14: NPN Transistor | D14: LOT-A-743 | E14: 06-Apr-2026 | F14: 23 | G14: Pass | H14: 110 | I14: 100.08 | J14: hFE Measured | K14: =IF(G14="Fail","Fail",IF(ABS(I14-H14)/IF(H14=0,1,H14)<=0.1,"Pass","Fail")) -> Pass | L14: Vce_sat | M14: Pass | N14: =IF(AND(G14="Pass",K14="Pass",M14="Pass"),"PASS","FAIL") -> PASS | O14: =IF(N14="PASS","Release to practicum","Quarantine — do not issue to students") -> Release to practicum
A15: 8 | B15: Q-BC557 | C15: PNP Transistor | D15: LOT-A-499 | E15: 06-Apr-2026 | F15: 24 | G15: Pass | H15: 110 | I15: 117.75 | J15: hFE Measured | K15: =IF(G15="Fail","Fail",IF(ABS(I15-H15)/IF(H15=0,1,H15)<=0.1,"Pass","Fail")) -> Pass | L15: Vce_sat | M15: Pass | N15: =IF(AND(G15="Pass",K15="Pass",M15="Pass"),"PASS","FAIL") -> PASS | O15: =IF(N15="PASS","Release to practicum","Quarantine — do not issue to students") -> Release to practicum
A16: 9 | B16: U-LM741 | C16: Op-Amp IC | D16: LOT-A-424 | E16: 07-Apr-2026 | F16: 21 | G16: Pass | H16: 5 | I16: 5.49 | J16: VOS Measured | K16: =IF(G16="Fail","Fail",IF(ABS(I16-H16)/IF(H16=0,1,H16)<=0.1,"Pass","Fail")) -> Pass | L16: Pin Continuity | M16: Pass | N16: =IF(AND(G16="Pass",K16="Pass",M16="Pass"),"PASS","FAIL") -> PASS | O16: =IF(N16="PASS","Release to practicum","Quarantine — do not issue to students") -> Release to practicum
A17: 10 | B17: U-LM324 | C17: Quad Op-Amp IC | D17: LOT-A-141 | E17: 07-Apr-2026 | F17: 22 | G17: Pass | H17: 5 | I17: 5.31 | J17: VOS Measured | K17: =IF(G17="Fail","Fail",IF(ABS(I17-H17)/IF(H17=0,1,H17)<=0.1,"Pass","Fail")) -> Pass | L17: Pin Continuity | M17: Pass | N17: =IF(AND(G17="Pass",K17="Pass",M17="Pass"),"PASS","FAIL") -> PASS | O17: =IF(N17="PASS","Release to practicum","Quarantine — do not issue to students") -> Release to practicum
A18: 11 | B18: U-LM7805 | C18: Voltage Reg +5V | D18: LOT-A-964 | E18: 07-Apr-2026 | F18: 24 | G18: Pass | H18: 5 | I18: 5.33 | J18: Vout Measured | K18: =IF(G18="Fail","Fail",IF(ABS(I18-H18)/IF(H18=0,1,H18)<=0.1,"Pass","Fail")) -> Pass | L18: Load Reg Test | M18: Pass | N18: =IF(AND(G18="Pass",K18="Pass",M18="Pass"),"PASS","FAIL") -> PASS | O18: =IF(N18="PASS","Release to practicum","Quarantine — do not issue to students") -> Release to practicum
A19: 12 | B19: POT-10kΩ | C19: Potentiometer 10k | D19: LOT-A-728 | E19: 07-Apr-2026 | F19: 21 | G19: Pass | H19: 10 | I19: 10.84 | J19: Measured R | K19: =IF(G19="Fail","Fail",IF(ABS(I19-H19)/IF(H19=0,1,H19)<=0.1,"Pass","Fail")) -> Pass | L19: Sweep Test | M19: Pass | N19: =IF(AND(G19="Pass",K19="Pass",M19="Pass"),"PASS","FAIL") -> PASS | O19: =IF(N19="PASS","Release to practicum","Quarantine — do not issue to students") -> Release to practicum
A21: Inspection Session: Sesi B — Week 2 | Batch: LOT-B-2025
A22: 1 | B22: R-10kΩ-CFR | C22: Resistor 10kΩ | D22: LOT-B-341 | E22: 12-Apr-2026 | F22: 25 | G22: Pass | H22: 10 | I22: 9.68 | J22: Measured Value | K22: =IF(G22="Fail","Fail",IF(ABS(I22-H22)/IF(H22=0,1,H22)<=0.1,"Pass","Fail")) -> Pass | L22: Tolerance | M22: Pass | N22: =IF(AND(G22="Pass",K22="Pass",M22="Pass"),"PASS","FAIL") -> PASS | O22: =IF(N22="PASS","Release to practicum","Quarantine — do not issue to students") -> Release to practicum
A23: 2 | B23: R-1kΩ-CFR | C23: Resistor 1kΩ | D23: LOT-B-709 | E23: 12-Apr-2026 | F23: 23 | G23: Pass | H23: 1 | I23: 0.91 | J23: Measured Value | K23: =IF(G23="Fail","Fail",IF(ABS(I23-H23)/IF(H23=0,1,H23)<=0.1,"Pass","Fail")) -> Pass | L23: Tolerance | M23: Pass | N23: =IF(AND(G23="Pass",K23="Pass",M23="Pass"),"PASS","FAIL") -> PASS | O23: =IF(N23="PASS","Release to practicum","Quarantine — do not issue to students") -> Release to practicum
A24: 3 | B24: C-100µF-EC | C24: Capacitor 100µF | D24: LOT-B-443 | E24: 12-Apr-2026 | F24: 20 | G24: Pass | H24: 100 | I24: 111.98 | J24: Measured Cap | K24: =IF(G24="Fail","Fail",IF(ABS(I24-H24)/IF(H24=0,1,H24)<=0.1,"Pass","Fail")) -> Fail | L24: ESR Test | M24: Pass | N24: =IF(AND(G24="Pass",K24="Pass",M24="Pass"),"PASS","FAIL") -> FAIL | O24: =IF(N24="PASS","Release to practicum","Quarantine — do not issue to students") -> Quarantine — do not issue to students
A25: 4 | B25: C-10nF-MLC | C25: Capacitor 10nF | D25: LOT-B-800 | E25: 12-Apr-2026 | F25: 21 | G25: Pass | H25: 10 | I25: 10.87 | J25: Measured Cap | K25: =IF(G25="Fail","Fail",IF(ABS(I25-H25)/IF(H25=0,1,H25)<=0.1,"Pass","Fail")) -> Pass | L25: Tolerance | M25: Pass | N25: =IF(AND(G25="Pass",K25="Pass",M25="Pass"),"PASS","FAIL") -> PASS | O25: =IF(N25="PASS","Release to practicum","Quarantine — do not issue to students") -> Release to practicum
A26: 5 | B26: D-1N4007 | C26: Rectifier Diode | D26: LOT-B-694 | E26: 13-Apr-2026 | F26: 18 | G26: Pass | H26: 0.7 | I26: 0.63 | J26: Vf Measured | K26: =IF(G26="Fail","Fail",IF(ABS(I26-H26)/IF(H26=0,1,H26)<=0.1,"Pass","Fail")) -> Pass | L26: Continuity | M26: Pass | N26: =IF(AND(G26="Pass",K26="Pass",M26="Pass"),"PASS","FAIL") -> PASS | O26: =IF(N26="PASS","Release to practicum","Quarantine — do not issue to students") -> Release to practicum
A27: 6 | B27: D-1N4148 | C27: Signal Diode | D27: LOT-B-254 | E27: 13-Apr-2026 | F27: 21 | G27: Pass | H27: 0.6 | I27: 0.56 | J27: Vf Measured | K27: =IF(G27="Fail","Fail",IF(ABS(I27-H27)/IF(H27=0,1,H27)<=0.1,"Pass","Fail")) -> Pass | L27: Continuity | M27: Pass | N27: =IF(AND(G27="Pass",K27="Pass",M27="Pass"),"PASS","FAIL") -> PASS | O27: =IF(N27="PASS","Release to practicum","Quarantine — do not issue to students") -> Release to practicum
A28: 7 | B28: Q-BC547 | C28: NPN Transistor | D28: LOT-B-922 | E28: 13-Apr-2026 | F28: 25 | G28: Pass | H28: 110 | I28: 115.15 | J28: hFE Measured | K28: =IF(G28="Fail","Fail",IF(ABS(I28-H28)/IF(H28=0,1,H28)<=0.1,"Pass","Fail")) -> Pass | L28: Vce_sat | M28: Pass | N28: =IF(AND(G28="Pass",K28="Pass",M28="Pass"),"PASS","FAIL") -> PASS | O28: =IF(N28="PASS","Release to practicum","Quarantine — do not issue to students") -> Release to practicum
A29: 8 | B29: Q-BC557 | C29: PNP Transistor | D29: LOT-B-636 | E29: 13-Apr-2026 | F29: 19 | G29: Pass | H29: 110 | I29: 114.33 | J29: hFE Measured | K29: =IF(G29="Fail","Fail",IF(ABS(I29-H29)/IF(H29=0,1,H29)<=0.1,"Pass","Fail")) -> Pass | L29: Vce_sat | M29: Pass | N29: =IF(AND(G29="Pass",K29="Pass",M29="Pass"),"PASS","FAIL") -> PASS | O29: =IF(N29="PASS","Release to practicum","Quarantine — do not issue to students") -> Release to practicum
A30: 9 | B30: U-LM741 | C30: Op-Amp IC | D30: LOT-B-408 | E30: 14-Apr-2026 | F30: 22 | G30: Pass | H30: 5 | I30: 4.56 | J30: VOS Measured | K30: =IF(G30="Fail","Fail",IF(ABS(I30-H30)/IF(H30=0,1,H30)<=0.1,"Pass","Fail")) -> Pass | L30: Pin Continuity | M30: Pass | N30: =IF(AND(G30="Pass",K30="Pass",M30="Pass"),"PASS","FAIL") -> PASS | O30: =IF(N30="PASS","Release to practicum","Quarantine — do not issue to students") -> Release to practicum
A31: 10 | B31: U-LM324 | C31: Quad Op-Amp IC | D31: LOT-B-639 | E31: 14-Apr-2026 | F31: 24 | G31: Pass | H31: 5 | I31: 4.66 | J31: VOS Measured | K31: =IF(G31="Fail","Fail",IF(ABS(I31-H31)/IF(H31=0,1,H31)<=0.1,"Pass","Fail")) -> Pass | L31: Pin Continuity | M31: Pass | N31: =IF(AND(G31="Pass",K31="Pass",M31="Pass"),"PASS","FAIL") -> PASS | O31: =IF(N31="PASS","Release to practicum","Quarantine — do not issue to students") -> Release to practicum
A32: 11 | B32: U-LM7805 | C32: Voltage Reg +5V | D32: LOT-B-280 | E32: 14-Apr-2026 | F32: 18 | G32: Pass | H32: 5 | I32: 4.67 | J32: Vout Measured | K32: =IF(G32="Fail","Fail",IF(ABS(I32-H32)/IF(H32=0,1,H32)<=0.1,"Pass","Fail")) -> Pass | L32: Load Reg Test | M32: Pass | N32: =IF(AND(G32="Pass",K32="Pass",M32="Pass"),"PASS","FAIL") -> PASS | O32: =IF(N32="PASS","Release to practicum","Quarantine — do not issue to students") -> Release to practicum
A33: 12 | B33: POT-10kΩ | C33: Potentiometer 10k | D33: LOT-B-692 | E33: 14-Apr-2026 | F33: 19 | G33: Pass | H33: 10 | I33: 10.43 | J33: Measured R | K33: =IF(G33="Fail","Fail",IF(ABS(I33-H33)/IF(H33=0,1,H33)<=0.1,"Pass","Fail")) -> Pass | L33: Sweep Test | M33: Pass | N33: =IF(AND(G33="Pass",K33="Pass",M33="Pass"),"PASS","FAIL") -> PASS | O33: =IF(N33="PASS","Release to practicum","Quarantine — do not issue to students") -> Release to practicum
A35: Inspection Session: Sesi C — Week 3 | Batch: LOT-C-2026
A36: 1 | B36: R-10kΩ-CFR | C36: Resistor 10kΩ | D36: LOT-C-221 | E36: 19-Apr-2026 | F36: 21 | G36: Pass | H36: 10 | I36: 10.04 | J36: Measured Value | K36: =IF(G36="Fail","Fail",IF(ABS(I36-H36)/IF(H36=0,1,H36)<=0.1,"Pass","Fail")) -> Pass | L36: Tolerance | M36: Pass | N36: =IF(AND(G36="Pass",K36="Pass",M36="Pass"),"PASS","FAIL") -> PASS | O36: =IF(N36="PASS","Release to practicum","Quarantine — do not issue to students") -> Release to practicum
A37: 2 | B37: R-1kΩ-CFR | C37: Resistor 1kΩ | D37: LOT-C-750 | E37: 19-Apr-2026 | F37: 21 | G37: Pass | H37: 1 | I37: 0.9 | J37: Measured Value | K37: =IF(G37="Fail","Fail",IF(ABS(I37-H37)/IF(H37=0,1,H37)<=0.1,"Pass","Fail")) -> Pass | L37: Tolerance | M37: Pass | N37: =IF(AND(G37="Pass",K37="Pass",M37="Pass"),"PASS","FAIL") -> PASS | O37: =IF(N37="PASS","Release to practicum","Quarantine — do not issue to students") -> Release to practicum
A38: 3 | B38: C-100µF-EC | C38: Capacitor 100µF | D38: LOT-C-599 | E38: 19-Apr-2026 | F38: 20 | G38: Pass | H38: 100 | I38: 105.56 | J38: Measured Cap | K38: =IF(G38="Fail","Fail",IF(ABS(I38-H38)/IF(H38=0,1,H38)<=0.1,"Pass","Fail")) -> Pass | L38: ESR Test | M38: Pass | N38: =IF(AND(G38="Pass",K38="Pass",M38="Pass"),"PASS","FAIL") -> PASS | O38: =IF(N38="PASS","Release to practicum","Quarantine — do not issue to students") -> Release to practicum
A39: 4 | B39: C-10nF-MLC | C39: Capacitor 10nF | D39: LOT-C-732 | E39: 19-Apr-2026 | F39: 18 | G39: Pass | H39: 10 | I39: 11.06 | J39: Measured Cap | K39: =IF(G39="Fail","Fail",IF(ABS(I39-H39)/IF(H39=0,1,H39)<=0.1,"Pass","Fail")) -> Fail | L39: Tolerance | M39: Pass | N39: =IF(AND(G39="Pass",K39="Pass",M39="Pass"),"PASS","FAIL") -> FAIL | O39: =IF(N39="PASS","Release to practicum","Quarantine — do not issue to students") -> Quarantine — do not issue to students
A40: 5 | B40: D-1N4007 | C40: Rectifier Diode | D40: LOT-C-709 | E40: 20-Apr-2026 | F40: 18 | G40: Pass | H40: 0.7 | I40: 0.65 | J40: Vf Measured | K40: =IF(G40="Fail","Fail",IF(ABS(I40-H40)/IF(H40=0,1,H40)<=0.1,"Pass","Fail")) -> Pass | L40: Continuity | M40: Pass | N40: =IF(AND(G40="Pass",K40="Pass",M40="Pass"),"PASS","FAIL") -> PASS | O40: =IF(N40="PASS","Release to practicum","Quarantine — do not issue to students") -> Release to practicum
A41: 6 | B41: D-1N4148 | C41: Signal Diode | D41: LOT-C-225 | E41: 20-Apr-2026 | F41: 21 | G41: Pass | H41: 0.6 | I41: 0.55 | J41: Vf Measured | K41: =IF(G41="Fail","Fail",IF(ABS(I41-H41)/IF(H41=0,1,H41)<=0.1,"Pass","Fail")) -> Pass | L41: Continuity | M41: Pass | N41: =IF(AND(G41="Pass",K41="Pass",M41="Pass"),"PASS","FAIL") -> PASS | O41: =IF(N41="PASS","Release to practicum","Quarantine — do not issue to students") -> Release to practicum
A42: 7 | B42: Q-BC547 | C42: NPN Transistor | D42: LOT-C-693 | E42: 20-Apr-2026 | F42: 23 | G42: Pass | H42: 110 | I42: 101.82 | J42: hFE Measured | K42: =IF(G42="Fail","Fail",IF(ABS(I42-H42)/IF(H42=0,1,H42)<=0.1,"Pass","Fail")) -> Pass | L42: Vce_sat | M42: Pass | N42: =IF(AND(G42="Pass",K42="Pass",M42="Pass"),"PASS","FAIL") -> PASS | O42: =IF(N42="PASS","Release to practicum","Quarantine — do not issue to students") -> Release to practicum
A43: 8 | B43: Q-BC557 | C43: PNP Transistor | D43: LOT-C-379 | E43: 20-Apr-2026 | F43: 21 | G43: Pass | H43: 110 | I43: 113.55 | J43: hFE Measured | K43: =IF(G43="Fail","Fail",IF(ABS(I43-H43)/IF(H43=0,1,H43)<=0.1,"Pass","Fail")) -> Pass | L43: Vce_sat | M43: Pass | N43: =IF(AND(G43="Pass",K43="Pass",M43="Pass"),"PASS","FAIL") -> PASS | O43: =IF(N43="PASS","Release to practicum","Quarantine — do not issue to students") -> Release to practicum
A44: 9 | B44: U-LM741 | C44: Op-Amp IC | D44: LOT-C-509 | E44: 21-Apr-2026 | F44: 20 | G44: Pass | H44: 5 | I44: 4.94 | J44: VOS Measured | K44: =IF(G44="Fail","Fail",IF(ABS(I44-H44)/IF(H44=0,1,H44)<=0.1,"Pass","Fail")) -> Pass | L44: Pin Continuity | M44: Pass | N44: =IF(AND(G44="Pass",K44="Pass",M44="Pass"),"PASS","FAIL") -> PASS | O44: =IF(N44="PASS","Release to practicum","Quarantine — do not issue to students") -> Release to practicum
A45: 10 | B45: U-LM324 | C45: Quad Op-Amp IC | D45: LOT-C-314 | E45: 21-Apr-2026 | F45: 23 | G45: Pass | H45: 5 | I45: 4.88 | J45: VOS Measured | K45: =IF(G45="Fail","Fail",IF(ABS(I45-H45)/IF(H45=0,1,H45)<=0.1,"Pass","Fail")) -> Pass | L45: Pin Continuity | M45: Pass | N45: =IF(AND(G45="Pass",K45="Pass",M45="Pass"),"PASS","FAIL") -> PASS | O45: =IF(N45="PASS","Release to practicum","Quarantine — do not issue to students") -> Release to practicum
A46: 11 | B46: U-LM7805 | C46: Voltage Reg +5V | D46: LOT-C-566 | E46: 21-Apr-2026 | F46: 21 | G46: Pass | H46: 5 | I46: 4.54 | J46: Vout Measured | K46: =IF(G46="Fail","Fail",IF(ABS(I46-H46)/IF(H46=0,1,H46)<=0.1,"Pass","Fail")) -> Pass | L46: Load Reg Test | M46: Pass | N46: =IF(AND(G46="Pass",K46="Pass",M46="Pass"),"PASS","FAIL") -> PASS | O46: =IF(N46="PASS","Release to practicum","Quarantine — do not issue to students") -> Release to practicum
A47: 12 | B47: POT-10kΩ | C47: Potentiometer 10k | D47: LOT-C-870 | E47: 21-Apr-2026 | F47: 25 | G47: Pass | H47: 10 | I47: 10.38 | J47: Measured R | K47: =IF(G47="Fail","Fail",IF(ABS(I47-H47)/IF(H47=0,1,H47)<=0.1,"Pass","Fail")) -> Pass | L47: Sweep Test | M47: Fail | N47: =IF(AND(G47="Pass",K47="Pass",M47="Pass"),"PASS","FAIL") -> FAIL | O47: =IF(N47="PASS","Release to practicum","Quarantine — do not issue to students") -> Quarantine — do not issue to students
A49: Inspection Session: Sesi D — Week 4 | Batch: LOT-D-2027
A50: 1 | B50: R-10kΩ-CFR | C50: Resistor 10kΩ | D50: LOT-D-667 | E50: 26-Apr-2026 | F50: 18 | G50: Pass | H50: 10 | I50: 10.73 | J50: Measured Value | K50: =IF(G50="Fail","Fail",IF(ABS(I50-H50)/IF(H50=0,1,H50)<=0.1,"Pass","Fail")) -> Pass | L50: Tolerance | M50: Pass | N50: =IF(AND(G50="Pass",K50="Pass",M50="Pass"),"PASS","FAIL") -> PASS | O50: =IF(N50="PASS","Release to practicum","Quarantine — do not issue to students") -> Release to practicum
A51: 2 | B51: R-1kΩ-CFR | C51: Resistor 1kΩ | D51: LOT-D-622 | E51: 26-Apr-2026 | F51: 22 | G51: Pass | H51: 1 | I51: 1.11 | J51: Measured Value | K51: =IF(G51="Fail","Fail",IF(ABS(I51-H51)/IF(H51=0,1,H51)<=0.1,"Pass","Fail")) -> Fail | L51: Tolerance | M51: Pass | N51: =IF(AND(G51="Pass",K51="Pass",M51="Pass"),"PASS","FAIL") -> FAIL | O51: =IF(N51="PASS","Release to practicum","Quarantine — do not issue to students") -> Quarantine — do not issue to students
A52: 3 | B52: C-100µF-EC | C52: Capacitor 100µF | D52: LOT-D-782 | E52: 26-Apr-2026 | F52: 24 | G52: Pass | H52: 100 | I52: 93.4 | J52: Measured Cap | K52: =IF(G52="Fail","Fail",IF(ABS(I52-H52)/IF(H52=0,1,H52)<=0.1,"Pass","Fail")) -> Pass | L52: ESR Test | M52: Pass | N52: =IF(AND(G52="Pass",K52="Pass",M52="Pass"),"PASS","FAIL") -> PASS | O52: =IF(N52="PASS","Release to practicum","Quarantine — do not issue to students") -> Release to practicum
A53: 4 | B53: C-10nF-MLC | C53: Capacitor 10nF | D53: LOT-D-169 | E53: 26-Apr-2026 | F53: 23 | G53: Pass | H53: 10 | I53: 9.12 | J53: Measured Cap | K53: =IF(G53="Fail","Fail",IF(ABS(I53-H53)/IF(H53=0,1,H53)<=0.1,"Pass","Fail")) -> Pass | L53: Tolerance | M53: Fail | N53: =IF(AND(G53="Pass",K53="Pass",M53="Pass"),"PASS","FAIL") -> FAIL | O53: =IF(N53="PASS","Release to practicum","Quarantine — do not issue to students") -> Quarantine — do not issue to students
A54: 5 | B54: D-1N4007 | C54: Rectifier Diode | D54: LOT-D-414 | E54: 27-Apr-2026 | F54: 25 | G54: Pass | H54: 0.7 | I54: 0.66 | J54: Vf Measured | K54: =IF(G54="Fail","Fail",IF(ABS(I54-H54)/IF(H54=0,1,H54)<=0.1,"Pass","Fail")) -> Pass | L54: Continuity | M54: Pass | N54: =IF(AND(G54="Pass",K54="Pass",M54="Pass"),"PASS","FAIL") -> PASS | O54: =IF(N54="PASS","Release to practicum","Quarantine — do not issue to students") -> Release to practicum
A55: 6 | B55: D-1N4148 | C55: Signal Diode | D55: LOT-D-544 | E55: 27-Apr-2026 | F55: 19 | G55: Pass | H55: 0.6 | I55: 0.62 | J55: Vf Measured | K55: =IF(G55="Fail","Fail",IF(ABS(I55-H55)/IF(H55=0,1,H55)<=0.1,"Pass","Fail")) -> Pass | L55: Continuity | M55: Pass | N55: =IF(AND(G55="Pass",K55="Pass",M55="Pass"),"PASS","FAIL") -> PASS | O55: =IF(N55="PASS","Release to practicum","Quarantine — do not issue to students") -> Release to practicum
A56: 7 | B56: Q-BC547 | C56: NPN Transistor | D56: LOT-D-222 | E56: 27-Apr-2026 | F56: 19 | G56: Pass | H56: 110 | I56: 113.61 | J56: hFE Measured | K56: =IF(G56="Fail","Fail",IF(ABS(I56-H56)/IF(H56=0,1,H56)<=0.1,"Pass","Fail")) -> Pass | L56: Vce_sat | M56: Pass | N56: =IF(AND(G56="Pass",K56="Pass",M56="Pass"),"PASS","FAIL") -> PASS | O56: =IF(N56="PASS","Release to practicum","Quarantine — do not issue to students") -> Release to practicum
A57: 8 | B57: Q-BC557 | C57: PNP Transistor | D57: LOT-D-155 | E57: 27-Apr-2026 | F57: 22 | G57: Pass | H57: 110 | I57: 120.39 | J57: hFE Measured | K57: =IF(G57="Fail","Fail",IF(ABS(I57-H57)/IF(H57=0,1,H57)<=0.1,"Pass","Fail")) -> Pass | L57: Vce_sat | M57: Pass | N57: =IF(AND(G57="Pass",K57="Pass",M57="Pass"),"PASS","FAIL") -> PASS | O57: =IF(N57="PASS","Release to practicum","Quarantine — do not issue to students") -> Release to practicum
A58: 9 | B58: U-LM741 | C58: Op-Amp IC | D58: LOT-D-336 | E58: 28-Apr-2026 | F58: 21 | G58: Pass | H58: 5 | I58: 5.05 | J58: VOS Measured | K58: =IF(G58="Fail","Fail",IF(ABS(I58-H58)/IF(H58=0,1,H58)<=0.1,"Pass","Fail")) -> Pass | L58: Pin Continuity | M58: Pass | N58: =IF(AND(G58="Pass",K58="Pass",M58="Pass"),"PASS","FAIL") -> PASS | O58: =IF(N58="PASS","Release to practicum","Quarantine — do not issue to students") -> Release to practicum
A59: 10 | B59: U-LM324 | C59: Quad Op-Amp IC | D59: LOT-D-683 | E59: 28-Apr-2026 | F59: 22 | G59: Pass | H59: 5 | I59: 4.92 | J59: VOS Measured | K59: =IF(G59="Fail","Fail",IF(ABS(I59-H59)/IF(H59=0,1,H59)<=0.1,"Pass","Fail")) -> Pass | L59: Pin Continuity | M59: Pass | N59: =IF(AND(G59="Pass",K59="Pass",M59="Pass"),"PASS","FAIL") -> PASS | O59: =IF(N59="PASS","Release to practicum","Quarantine — do not issue to students") -> Release to practicum
A60: 11 | B60: U-LM7805 | C60: Voltage Reg +5V | D60: LOT-D-544 | E60: 28-Apr-2026 | F60: 19 | G60: Pass | H60: 5 | I60: 5.32 | J60: Vout Measured | K60: =IF(G60="Fail","Fail",IF(ABS(I60-H60)/IF(H60=0,1,H60)<=0.1,"Pass","Fail")) -> Pass | L60: Load Reg Test | M60: Pass | N60: =IF(AND(G60="Pass",K60="Pass",M60="Pass"),"PASS","FAIL") -> PASS | O60: =IF(N60="PASS","Release to practicum","Quarantine — do not issue to students") -> Release to practicum
A61: 12 | B61: POT-10kΩ | C61: Potentiometer 10k | D61: LOT-D-303 | E61: 28-Apr-2026 | F61: 20 | G61: Pass | H61: 10 | I61: 10.18 | J61: Measured R | K61: =IF(G61="Fail","Fail",IF(ABS(I61-H61)/IF(H61=0,1,H61)<=0.1,"Pass","Fail")) -> Pass | L61: Sweep Test | M61: Pass | N61: =IF(AND(G61="Pass",K61="Pass",M61="Pass"),"PASS","FAIL") -> PASS | O61: =IF(N61="PASS","Release to practicum","Quarantine — do not issue to students") -> Release to practicum
A64: SESSION SUMMARY
A65: Metric | G65: Value | H65: Total Records | I65: PASS | J65: FAIL | K65: Pass Rate
H66: =COUNTA(B8:B61) -> 48 | I66: =COUNTIF(N8:N61,"PASS") -> 42 | J66: =COUNTIF(N8:N61,"FAIL") -> 6 | K66: =IFERROR(I66/H66,0) -> 0.875
A68: 📋 FORMULA & CALCULATION NOTES — ELEK ANALOG
A69: Column / Field | B69: Calculation Logic
A70: Col K — Test 1 Result | B70: [Formula] IF(g="Fail","Fail", IF(ABS(i-h)/h ≤ 10%, "Pass", "Fail")),TRUE())),TRUE())),TRUE())),TRUE())) | H70: AUTO. Fails if Visual (G) already failed. Otherwise, passes only if measured value (I) is within ±10% of the rated spec (H). Tolerance 10% covers standard component variability.
A71: Col N — Overall Result | B71: [Formula] IF(AND(g="Pass", k="Pass", m="Pass"), "PASS", "FAIL") | H71: AUTO. Component passes only if ALL three tests pass: Visual (G), Test 1 (K), and Test 2 (M). Any single failure triggers FAIL — consistent with incoming inspection standards.
A72: Col O — Remarks / Disposition | B72: [Formula] IF(n="PASS", "Release to practicum", "Quarantine — do not issue") | H72: AUTO. Directly derived from Overall Result. PASS components are cleared for student use. FAIL components are quarantined and tracked in the Defect Log sheet.
A73: Col G — Visual Inspection | B73: [MANUAL INPUT: Pass / Fail] | H73: Inspector physically checks component body, pin integrity, marking, and housing. Recorded as Pass or Fail. Basis for all downstream formula calculations.
A74: Col H — Spec / Rated Value | B74: [MANUAL INPUT: numeric] | H74: Rated value from component datasheet or procurement spec (e.g., 10kΩ, 100µF, 70Ω coil). Used as reference denominator in Test 1 Result formula.
A75: Col I — Measured Value | B75: [MANUAL INPUT: numeric] | H75: Actual measured value from test instrument (multimeter, LCR meter, oscilloscope). Compared against Col H in the Test 1 Result formula.
A76: Col M — Test 2 Result | B76: [MANUAL INPUT: Pass / Fail] | H76: Result of functional test (e.g., logic function, switching response, communication test). Must be observed directly — cannot be calculated from a single measurement.
A77: ℹ Test instruments used: Multimeter (Sanwa CD771), LCR Meter, Oscilloscope (GDS-1022), DC Power Supply (HY3005F), Function Generator. Tolerance threshold ±10% aligned with IEC 60068 incoming inspection practices.

Sheet Elek_Digital
A1: PRAKTIKUM ELEKTRONIKA DIGITAL — COMPONENT QC INSPECTION LOG
A2: Lab Sensor & Sistem Telekontrol (SSTK) | Dept. Teknik Nuklir & Teknik Fisika, UGM | ~20 Mahasiswa/Sesi
A3: Test Equipment: Multimeter (Sanwa CD771), Digital Logic Probe, DC Power Supply (HY3005F), Function Generator
A5: No. | B5: Part Number | C5: Component Description | D5: Batch / Lot No. | E5: Inspection Date | F5: Qty | G5: Visual Inspection | H5: Spec / Rated Value | I5: Measured Value | J5: Functional Test 1 | K5: Test 1 Result | L5: Functional Test 2 | M5: Test 2 Result | N5: Overall Result | O5: Remarks / Disposition
A6: ⚠ Columns shaded yellow = manual input per inspection session | Columns shaded gray = auto-calculated by formula | Overall Result = auto (PASS only if ALL tests pass)
A7: Inspection Session: Sesi A — Week 1 | Batch: LOT-A-2024
A8: 1 | B8: IC-74LS00 | C8: NAND Gate (Quad) | D8: LOT-A-949 | E8: 05-Apr-2026 | F8: 22 | G8: Pass | H8: 5 | I8: 4.7 | J8: VCC Test | K8: =IF(G8="Fail","Fail",IF(ABS(I8-H8)/IF(H8=0,1,H8)<=0.1,"Pass","Fail")) -> Pass | L8: Logic Function Test | M8: Pass | N8: =IF(AND(G8="Pass",K8="Pass",M8="Pass"),"PASS","FAIL") -> PASS | O8: =IF(N8="PASS","Release to practicum","Quarantine — do not issue to students") -> Release to practicum
A9: 2 | B9: IC-74LS08 | C9: AND Gate (Quad) | D9: LOT-A-934 | E9: 05-Apr-2026 | F9: 24 | G9: Pass | H9: 5 | I9: 4.83 | J9: VCC Test | K9: =IF(G9="Fail","Fail",IF(ABS(I9-H9)/IF(H9=0,1,H9)<=0.1,"Pass","Fail")) -> Pass | L9: Logic Function Test | M9: Pass | N9: =IF(AND(G9="Pass",K9="Pass",M9="Pass"),"PASS","FAIL") -> PASS | O9: =IF(N9="PASS","Release to practicum","Quarantine — do not issue to students") -> Release to practicum
A10: 3 | B10: IC-74LS86 | C10: XOR Gate (Quad) | D10: LOT-A-507 | E10: 05-Apr-2026 | F10: 21 | G10: Pass | H10: 5 | I10: 4.78 | J10: VCC Test | K10: =IF(G10="Fail","Fail",IF(ABS(I10-H10)/IF(H10=0,1,H10)<=0.1,"Pass","Fail")) -> Pass | L10: Logic Function Test | M10: Pass | N10: =IF(AND(G10="Pass",K10="Pass",M10="Pass"),"PASS","FAIL") -> PASS | O10: =IF(N10="PASS","Release to practicum","Quarantine — do not issue to students") -> Release to practicum
A11: 4 | B11: IC-74LS74 | C11: D Flip-Flop | D11: LOT-A-942 | E11: 05-Apr-2026 | F11: 25 | G11: Pass | H11: 5 | I11: 4.83 | J11: VCC Test | K11: =IF(G11="Fail","Fail",IF(ABS(I11-H11)/IF(H11=0,1,H11)<=0.1,"Pass","Fail")) -> Pass | L11: Toggle Test | M11: Pass | N11: =IF(AND(G11="Pass",K11="Pass",M11="Pass"),"PASS","FAIL") -> PASS | O11: =IF(N11="PASS","Release to practicum","Quarantine — do not issue to students") -> Release to practicum
A12: 5 | B12: IC-74LS163 | C12: 4-bit Counter | D12: LOT-A-686 | E12: 06-Apr-2026 | F12: 21 | G12: Pass | H12: 5 | I12: 5.55 | J12: VCC Test | K12: =IF(G12="Fail","Fail",IF(ABS(I12-H12)/IF(H12=0,1,H12)<=0.1,"Pass","Fail")) -> Fail | L12: Count Sequence Test | M12: Pass | N12: =IF(AND(G12="Pass",K12="Pass",M12="Pass"),"PASS","FAIL") -> FAIL | O12: =IF(N12="PASS","Release to practicum","Quarantine — do not issue to students") -> Quarantine — do not issue to students
A13: 6 | B13: IC-555 | C13: Timer IC | D13: LOT-A-579 | E13: 06-Apr-2026 | F13: 21 | G13: Pass | H13: 15 | I13: 13.39 | J13: VCC Test | K13: =IF(G13="Fail","Fail",IF(ABS(I13-H13)/IF(H13=0,1,H13)<=0.1,"Pass","Fail")) -> Fail | L13: Oscillation Test | M13: Pass | N13: =IF(AND(G13="Pass",K13="Pass",M13="Pass"),"PASS","FAIL") -> FAIL | O13: =IF(N13="PASS","Release to practicum","Quarantine — do not issue to students") -> Quarantine — do not issue to students
A14: 7 | B14: RLY-G2R-DC5 | C14: Relay SPDT 5VDC | D14: LOT-A-369 | E14: 06-Apr-2026 | F14: 20 | G14: Pass | H14: 70 | I14: 63.86 | J14: Coil R Meas | K14: =IF(G14="Fail","Fail",IF(ABS(I14-H14)/IF(H14=0,1,H14)<=0.1,"Pass","Fail")) -> Pass | L14: Switching Test | M14: Pass | N14: =IF(AND(G14="Pass",K14="Pass",M14="Pass"),"PASS","FAIL") -> PASS | O14: =IF(N14="PASS","Release to practicum","Quarantine — do not issue to students") -> Release to practicum
A15: 8 | B15: RLY-SRD-12V | C15: Relay SPDT 12VDC | D15: LOT-A-882 | E15: 06-Apr-2026 | F15: 22 | G15: Pass | H15: 400 | I15: 373.14 | J15: Coil R Meas | K15: =IF(G15="Fail","Fail",IF(ABS(I15-H15)/IF(H15=0,1,H15)<=0.1,"Pass","Fail")) -> Pass | L15: Switching Test | M15: Pass | N15: =IF(AND(G15="Pass",K15="Pass",M15="Pass"),"PASS","FAIL") -> PASS | O15: =IF(N15="PASS","Release to practicum","Quarantine — do not issue to students") -> Release to practicum
A16: 9 | B16: SW-TACT-6mm | C16: Tactile Switch | D16: LOT-A-353 | E16: 07-Apr-2026 | F16: 20 | G16: Pass | H16: 0.5 | I16: 0.49 | J16: Contact R | K16: =IF(G16="Fail","Fail",IF(ABS(I16-H16)/IF(H16=0,1,H16)<=0.1,"Pass","Fail")) -> Pass | L16: Continuity Test | M16: Pass | N16: =IF(AND(G16="Pass",K16="Pass",M16="Pass"),"PASS","FAIL") -> PASS | O16: =IF(N16="PASS","Release to practicum","Quarantine — do not issue to students") -> Release to practicum
A17: 10 | B17: SW-SLIDE | C17: Slide Switch SPDT | D17: LOT-A-591 | E17: 07-Apr-2026 | F17: 24 | G17: Pass | H17: 0.5 | I17: 0.56 | J17: Contact R | K17: =IF(G17="Fail","Fail",IF(ABS(I17-H17)/IF(H17=0,1,H17)<=0.1,"Pass","Fail")) -> Fail | L17: Continuity Test | M17: Pass | N17: =IF(AND(G17="Pass",K17="Pass",M17="Pass"),"PASS","FAIL") -> FAIL | O17: =IF(N17="PASS","Release to practicum","Quarantine — do not issue to students") -> Quarantine — do not issue to students
A18: 11 | B18: LED-RED-5mm | C18: LED Red 5mm | D18: LOT-A-811 | E18: 07-Apr-2026 | F18: 24 | G18: Fail | H18: 2 | I18: 2.11 | J18: Vf Meas | K18: =IF(G18="Fail","Fail",IF(ABS(I18-H18)/IF(H18=0,1,H18)<=0.1,"Pass","Fail")) -> Fail | L18: Brightness Check | M18: Pass | N18: =IF(AND(G18="Pass",K18="Pass",M18="Pass"),"PASS","FAIL") -> FAIL | O18: =IF(N18="PASS","Release to practicum","Quarantine — do not issue to students") -> Quarantine — do not issue to students
A19: 12 | B19: LED-GRN-5mm | C19: LED Green 5mm | D19: LOT-A-726 | E19: 07-Apr-2026 | F19: 19 | G19: Pass | H19: 2.1 | I19: 2.35 | J19: Vf Meas | K19: =IF(G19="Fail","Fail",IF(ABS(I19-H19)/IF(H19=0,1,H19)<=0.1,"Pass","Fail")) -> Fail | L19: Brightness Check | M19: Pass | N19: =IF(AND(G19="Pass",K19="Pass",M19="Pass"),"PASS","FAIL") -> FAIL | O19: =IF(N19="PASS","Release to practicum","Quarantine — do not issue to students") -> Quarantine — do not issue to students
A21: Inspection Session: Sesi B — Week 2 | Batch: LOT-B-2025
A22: 1 | B22: IC-74LS00 | C22: NAND Gate (Quad) | D22: LOT-B-876 | E22: 12-Apr-2026 | F22: 22 | G22: Pass | H22: 5 | I22: 4.44 | J22: VCC Test | K22: =IF(G22="Fail","Fail",IF(ABS(I22-H22)/IF(H22=0,1,H22)<=0.1,"Pass","Fail")) -> Fail | L22: Logic Function Test | M22: Pass | N22: =IF(AND(G22="Pass",K22="Pass",M22="Pass"),"PASS","FAIL") -> FAIL | O22: =IF(N22="PASS","Release to practicum","Quarantine — do not issue to students") -> Quarantine — do not issue to students
A23: 2 | B23: IC-74LS08 | C23: AND Gate (Quad) | D23: LOT-B-786 | E23: 12-Apr-2026 | F23: 24 | G23: Pass | H23: 5 | I23: 4.63 | J23: VCC Test | K23: =IF(G23="Fail","Fail",IF(ABS(I23-H23)/IF(H23=0,1,H23)<=0.1,"Pass","Fail")) -> Pass | L23: Logic Function Test | M23: Pass | N23: =IF(AND(G23="Pass",K23="Pass",M23="Pass"),"PASS","FAIL") -> PASS | O23: =IF(N23="PASS","Release to practicum","Quarantine — do not issue to students") -> Release to practicum
A24: 3 | B24: IC-74LS86 | C24: XOR Gate (Quad) | D24: LOT-B-271 | E24: 12-Apr-2026 | F24: 25 | G24: Pass | H24: 5 | I24: 4.97 | J24: VCC Test | K24: =IF(G24="Fail","Fail",IF(ABS(I24-H24)/IF(H24=0,1,H24)<=0.1,"Pass","Fail")) -> Pass | L24: Logic Function Test | M24: Pass | N24: =IF(AND(G24="Pass",K24="Pass",M24="Pass"),"PASS","FAIL") -> PASS | O24: =IF(N24="PASS","Release to practicum","Quarantine — do not issue to students") -> Release to practicum
A25: 4 | B25: IC-74LS74 | C25: D Flip-Flop | D25: LOT-B-227 | E25: 12-Apr-2026 | F25: 19 | G25: Pass | H25: 5 | I25: 4.72 | J25: VCC Test | K25: =IF(G25="Fail","Fail",IF(ABS(I25-H25)/IF(H25=0,1,H25)<=0.1,"Pass","Fail")) -> Pass | L25: Toggle Test | M25: Pass | N25: =IF(AND(G25="Pass",K25="Pass",M25="Pass"),"PASS","FAIL") -> PASS | O25: =IF(N25="PASS","Release to practicum","Quarantine — do not issue to students") -> Release to practicum
A26: 5 | B26: IC-74LS163 | C26: 4-bit Counter | D26: LOT-B-328 | E26: 13-Apr-2026 | F26: 20 | G26: Pass | H26: 5 | I26: 4.68 | J26: VCC Test | K26: =IF(G26="Fail","Fail",IF(ABS(I26-H26)/IF(H26=0,1,H26)<=0.1,"Pass","Fail")) -> Pass | L26: Count Sequence Test | M26: Pass | N26: =IF(AND(G26="Pass",K26="Pass",M26="Pass"),"PASS","FAIL") -> PASS | O26: =IF(N26="PASS","Release to practicum","Quarantine — do not issue to students") -> Release to practicum
A27: 6 | B27: IC-555 | C27: Timer IC | D27: LOT-B-936 | E27: 13-Apr-2026 | F27: 20 | G27: Pass | H27: 15 | I27: 16.11 | J27: VCC Test | K27: =IF(G27="Fail","Fail",IF(ABS(I27-H27)/IF(H27=0,1,H27)<=0.1,"Pass","Fail")) -> Pass | L27: Oscillation Test | M27: Pass | N27: =IF(AND(G27="Pass",K27="Pass",M27="Pass"),"PASS","FAIL") -> PASS | O27: =IF(N27="PASS","Release to practicum","Quarantine — do not issue to students") -> Release to practicum
A28: 7 | B28: RLY-G2R-DC5 | C28: Relay SPDT 5VDC | D28: LOT-B-446 | E28: 13-Apr-2026 | F28: 21 | G28: Pass | H28: 70 | I28: 72.18 | J28: Coil R Meas | K28: =IF(G28="Fail","Fail",IF(ABS(I28-H28)/IF(H28=0,1,H28)<=0.1,"Pass","Fail")) -> Pass | L28: Switching Test | M28: Pass | N28: =IF(AND(G28="Pass",K28="Pass",M28="Pass"),"PASS","FAIL") -> PASS | O28: =IF(N28="PASS","Release to practicum","Quarantine — do not issue to students") -> Release to practicum
A29: 8 | B29: RLY-SRD-12V | C29: Relay SPDT 12VDC | D29: LOT-B-120 | E29: 13-Apr-2026 | F29: 20 | G29: Pass | H29: 400 | I29: 388.67 | J29: Coil R Meas | K29: =IF(G29="Fail","Fail",IF(ABS(I29-H29)/IF(H29=0,1,H29)<=0.1,"Pass","Fail")) -> Pass | L29: Switching Test | M29: Pass | N29: =IF(AND(G29="Pass",K29="Pass",M29="Pass"),"PASS","FAIL") -> PASS | O29: =IF(N29="PASS","Release to practicum","Quarantine — do not issue to students") -> Release to practicum
A30: 9 | B30: SW-TACT-6mm | C30: Tactile Switch | D30: LOT-B-618 | E30: 14-Apr-2026 | F30: 20 | G30: Pass | H30: 0.5 | I30: 0.47 | J30: Contact R | K30: =IF(G30="Fail","Fail",IF(ABS(I30-H30)/IF(H30=0,1,H30)<=0.1,"Pass","Fail")) -> Pass | L30: Continuity Test | M30: Pass | N30: =IF(AND(G30="Pass",K30="Pass",M30="Pass"),"PASS","FAIL") -> PASS | O30: =IF(N30="PASS","Release to practicum","Quarantine — do not issue to students") -> Release to practicum
A31: 10 | B31: SW-SLIDE | C31: Slide Switch SPDT | D31: LOT-B-819 | E31: 14-Apr-2026 | F31: 20 | G31: Pass | H31: 0.5 | I31: 0.51 | J31: Contact R | K31: =IF(G31="Fail","Fail",IF(ABS(I31-H31)/IF(H31=0,1,H31)<=0.1,"Pass","Fail")) -> Pass | L31: Continuity Test | M31: Pass | N31: =IF(AND(G31="Pass",K31="Pass",M31="Pass"),"PASS","FAIL") -> PASS | O31: =IF(N31="PASS","Release to practicum","Quarantine — do not issue to students") -> Release to practicum
A32: 11 | B32: LED-RED-5mm | C32: LED Red 5mm | D32: LOT-B-791 | E32: 14-Apr-2026 | F32: 19 | G32: Pass | H32: 2 | I32: 1.88 | J32: Vf Meas | K32: =IF(G32="Fail","Fail",IF(ABS(I32-H32)/IF(H32=0,1,H32)<=0.1,"Pass","Fail")) -> Pass | L32: Brightness Check | M32: Pass | N32: =IF(AND(G32="Pass",K32="Pass",M32="Pass"),"PASS","FAIL") -> PASS | O32: =IF(N32="PASS","Release to practicum","Quarantine — do not issue to students") -> Release to practicum
A33: 12 | B33: LED-GRN-5mm | C33: LED Green 5mm | D33: LOT-B-533 | E33: 14-Apr-2026 | F33: 23 | G33: Pass | H33: 2.1 | I33: 1.86 | J33: Vf Meas | K33: =IF(G33="Fail","Fail",IF(ABS(I33-H33)/IF(H33=0,1,H33)<=0.1,"Pass","Fail")) -> Fail | L33: Brightness Check | M33: Pass | N33: =IF(AND(G33="Pass",K33="Pass",M33="Pass"),"PASS","FAIL") -> FAIL | O33: =IF(N33="PASS","Release to practicum","Quarantine — do not issue to students") -> Quarantine — do not issue to students
A35: Inspection Session: Sesi C — Week 3 | Batch: LOT-C-2026
A36: 1 | B36: IC-74LS00 | C36: NAND Gate (Quad) | D36: LOT-C-572 | E36: 19-Apr-2026 | F36: 25 | G36: Pass | H36: 5 | I36: 4.98 | J36: VCC Test | K36: =IF(G36="Fail","Fail",IF(ABS(I36-H36)/IF(H36=0,1,H36)<=0.1,"Pass","Fail")) -> Pass | L36: Logic Function Test | M36: Pass | N36: =IF(AND(G36="Pass",K36="Pass",M36="Pass"),"PASS","FAIL") -> PASS | O36: =IF(N36="PASS","Release to practicum","Quarantine — do not issue to students") -> Release to practicum
A37: 2 | B37: IC-74LS08 | C37: AND Gate (Quad) | D37: LOT-C-665 | E37: 19-Apr-2026 | F37: 24 | G37: Pass | H37: 5 | I37: 5.22 | J37: VCC Test | K37: =IF(G37="Fail","Fail",IF(ABS(I37-H37)/IF(H37=0,1,H37)<=0.1,"Pass","Fail")) -> Pass | L37: Logic Function Test | M37: Pass | N37: =IF(AND(G37="Pass",K37="Pass",M37="Pass"),"PASS","FAIL") -> PASS | O37: =IF(N37="PASS","Release to practicum","Quarantine — do not issue to students") -> Release to practicum
A38: 3 | B38: IC-74LS86 | C38: XOR Gate (Quad) | D38: LOT-C-766 | E38: 19-Apr-2026 | F38: 23 | G38: Pass | H38: 5 | I38: 5.17 | J38: VCC Test | K38: =IF(G38="Fail","Fail",IF(ABS(I38-H38)/IF(H38=0,1,H38)<=0.1,"Pass","Fail")) -> Pass | L38: Logic Function Test | M38: Pass | N38: =IF(AND(G38="Pass",K38="Pass",M38="Pass"),"PASS","FAIL") -> PASS | O38: =IF(N38="PASS","Release to practicum","Quarantine — do not issue to students") -> Release to practicum
A39: 4 | B39: IC-74LS74 | C39: D Flip-Flop | D39: LOT-C-261 | E39: 19-Apr-2026 | F39: 22 | G39: Fail | H39: 5 | I39: 5.28 | J39: VCC Test | K39: =IF(G39="Fail","Fail",IF(ABS(I39-H39)/IF(H39=0,1,H39)<=0.1,"Pass","Fail")) -> Fail | L39: Toggle Test | M39: Pass | N39: =IF(AND(G39="Pass",K39="Pass",M39="Pass"),"PASS","FAIL") -> FAIL | O39: =IF(N39="PASS","Release to practicum","Quarantine — do not issue to students") -> Quarantine — do not issue to students
A40: 5 | B40: IC-74LS163 | C40: 4-bit Counter | D40: LOT-C-301 | E40: 20-Apr-2026 | F40: 20 | G40: Pass | H40: 5 | I40: 4.96 | J40: VCC Test | K40: =IF(G40="Fail","Fail",IF(ABS(I40-H40)/IF(H40=0,1,H40)<=0.1,"Pass","Fail")) -> Pass | L40: Count Sequence Test | M40: Pass | N40: =IF(AND(G40="Pass",K40="Pass",M40="Pass"),"PASS","FAIL") -> PASS | O40: =IF(N40="PASS","Release to practicum","Quarantine — do not issue to students") -> Release to practicum
A41: 6 | B41: IC-555 | C41: Timer IC | D41: LOT-C-852 | E41: 20-Apr-2026 | F41: 19 | G41: Pass | H41: 15 | I41: 13.38 | J41: VCC Test | K41: =IF(G41="Fail","Fail",IF(ABS(I41-H41)/IF(H41=0,1,H41)<=0.1,"Pass","Fail")) -> Fail | L41: Oscillation Test | M41: Pass | N41: =IF(AND(G41="Pass",K41="Pass",M41="Pass"),"PASS","FAIL") -> FAIL | O41: =IF(N41="PASS","Release to practicum","Quarantine — do not issue to students") -> Quarantine — do not issue to students
A42: 7 | B42: RLY-G2R-DC5 | C42: Relay SPDT 5VDC | D42: LOT-C-825 | E42: 20-Apr-2026 | F42: 21 | G42: Pass | H42: 70 | I42: 72.87 | J42: Coil R Meas | K42: =IF(G42="Fail","Fail",IF(ABS(I42-H42)/IF(H42=0,1,H42)<=0.1,"Pass","Fail")) -> Pass | L42: Switching Test | M42: Pass | N42: =IF(AND(G42="Pass",K42="Pass",M42="Pass"),"PASS","FAIL") -> PASS | O42: =IF(N42="PASS","Release to practicum","Quarantine — do not issue to students") -> Release to practicum
A43: 8 | B43: RLY-SRD-12V | C43: Relay SPDT 12VDC | D43: LOT-C-639 | E43: 20-Apr-2026 | F43: 23 | G43: Pass | H43: 400 | I43: 423.94 | J43: Coil R Meas | K43: =IF(G43="Fail","Fail",IF(ABS(I43-H43)/IF(H43=0,1,H43)<=0.1,"Pass","Fail")) -> Pass | L43: Switching Test | M43: Pass | N43: =IF(AND(G43="Pass",K43="Pass",M43="Pass"),"PASS","FAIL") -> PASS | O43: =IF(N43="PASS","Release to practicum","Quarantine — do not issue to students") -> Release to practicum
A44: 9 | B44: SW-TACT-6mm | C44: Tactile Switch | D44: LOT-C-771 | E44: 21-Apr-2026 | F44: 18 | G44: Pass | H44: 0.5 | I44: 0.48 | J44: Contact R | K44: =IF(G44="Fail","Fail",IF(ABS(I44-H44)/IF(H44=0,1,H44)<=0.1,"Pass","Fail")) -> Pass | L44: Continuity Test | M44: Pass | N44: =IF(AND(G44="Pass",K44="Pass",M44="Pass"),"PASS","FAIL") -> PASS | O44: =IF(N44="PASS","Release to practicum","Quarantine — do not issue to students") -> Release to practicum
A45: 10 | B45: SW-SLIDE | C45: Slide Switch SPDT | D45: LOT-C-793 | E45: 21-Apr-2026 | F45: 21 | G45: Pass | H45: 0.5 | I45: 0.53 | J45: Contact R | K45: =IF(G45="Fail","Fail",IF(ABS(I45-H45)/IF(H45=0,1,H45)<=0.1,"Pass","Fail")) -> Pass | L45: Continuity Test | M45: Pass | N45: =IF(AND(G45="Pass",K45="Pass",M45="Pass"),"PASS","FAIL") -> PASS | O45: =IF(N45="PASS","Release to practicum","Quarantine — do not issue to students") -> Release to practicum
A46: 11 | B46: LED-RED-5mm | C46: LED Red 5mm | D46: LOT-C-416 | E46: 21-Apr-2026 | F46: 20 | G46: Pass | H46: 2 | I46: 1.91 | J46: Vf Meas | K46: =IF(G46="Fail","Fail",IF(ABS(I46-H46)/IF(H46=0,1,H46)<=0.1,"Pass","Fail")) -> Pass | L46: Brightness Check | M46: Pass | N46: =IF(AND(G46="Pass",K46="Pass",M46="Pass"),"PASS","FAIL") -> PASS | O46: =IF(N46="PASS","Release to practicum","Quarantine — do not issue to students") -> Release to practicum
A47: 12 | B47: LED-GRN-5mm | C47: LED Green 5mm | D47: LOT-C-737 | E47: 21-Apr-2026 | F47: 20 | G47: Pass | H47: 2.1 | I47: 2.12 | J47: Vf Meas | K47: =IF(G47="Fail","Fail",IF(ABS(I47-H47)/IF(H47=0,1,H47)<=0.1,"Pass","Fail")) -> Pass | L47: Brightness Check | M47: Pass | N47: =IF(AND(G47="Pass",K47="Pass",M47="Pass"),"PASS","FAIL") -> PASS | O47: =IF(N47="PASS","Release to practicum","Quarantine — do not issue to students") -> Release to practicum
A49: Inspection Session: Sesi D — Week 4 | Batch: LOT-D-2027
A50: 1 | B50: IC-74LS00 | C50: NAND Gate (Quad) | D50: LOT-D-154 | E50: 26-Apr-2026 | F50: 21 | G50: Pass | H50: 5 | I50: 5.15 | J50: VCC Test | K50: =IF(G50="Fail","Fail",IF(ABS(I50-H50)/IF(H50=0,1,H50)<=0.1,"Pass","Fail")) -> Pass | L50: Logic Function Test | M50: Pass | N50: =IF(AND(G50="Pass",K50="Pass",M50="Pass"),"PASS","FAIL") -> PASS | O50: =IF(N50="PASS","Release to practicum","Quarantine — do not issue to students") -> Release to practicum
A51: 2 | B51: IC-74LS08 | C51: AND Gate (Quad) | D51: LOT-D-291 | E51: 26-Apr-2026 | F51: 20 | G51: Pass | H51: 5 | I51: 5.37 | J51: VCC Test | K51: =IF(G51="Fail","Fail",IF(ABS(I51-H51)/IF(H51=0,1,H51)<=0.1,"Pass","Fail")) -> Pass | L51: Logic Function Test | M51: Pass | N51: =IF(AND(G51="Pass",K51="Pass",M51="Pass"),"PASS","FAIL") -> PASS | O51: =IF(N51="PASS","Release to practicum","Quarantine — do not issue to students") -> Release to practicum
A52: 3 | B52: IC-74LS86 | C52: XOR Gate (Quad) | D52: LOT-D-202 | E52: 26-Apr-2026 | F52: 24 | G52: Pass | H52: 5 | I52: 5.17 | J52: VCC Test | K52: =IF(G52="Fail","Fail",IF(ABS(I52-H52)/IF(H52=0,1,H52)<=0.1,"Pass","Fail")) -> Pass | L52: Logic Function Test | M52: Pass | N52: =IF(AND(G52="Pass",K52="Pass",M52="Pass"),"PASS","FAIL") -> PASS | O52: =IF(N52="PASS","Release to practicum","Quarantine — do not issue to students") -> Release to practicum
A53: 4 | B53: IC-74LS74 | C53: D Flip-Flop | D53: LOT-D-304 | E53: 26-Apr-2026 | F53: 23 | G53: Pass | H53: 5 | I53: 4.56 | J53: VCC Test | K53: =IF(G53="Fail","Fail",IF(ABS(I53-H53)/IF(H53=0,1,H53)<=0.1,"Pass","Fail")) -> Pass | L53: Toggle Test | M53: Fail | N53: =IF(AND(G53="Pass",K53="Pass",M53="Pass"),"PASS","FAIL") -> FAIL | O53: =IF(N53="PASS","Release to practicum","Quarantine — do not issue to students") -> Quarantine — do not issue to students
A54: 5 | B54: IC-74LS163 | C54: 4-bit Counter | D54: LOT-D-868 | E54: 27-Apr-2026 | F54: 25 | G54: Pass | H54: 5 | I54: 4.7 | J54: VCC Test | K54: =IF(G54="Fail","Fail",IF(ABS(I54-H54)/IF(H54=0,1,H54)<=0.1,"Pass","Fail")) -> Pass | L54: Count Sequence Test | M54: Pass | N54: =IF(AND(G54="Pass",K54="Pass",M54="Pass"),"PASS","FAIL") -> PASS | O54: =IF(N54="PASS","Release to practicum","Quarantine — do not issue to students") -> Release to practicum
A55: 6 | B55: IC-555 | C55: Timer IC | D55: LOT-D-435 | E55: 27-Apr-2026 | F55: 24 | G55: Fail | H55: 15 | I55: 15.62 | J55: VCC Test | K55: =IF(G55="Fail","Fail",IF(ABS(I55-H55)/IF(H55=0,1,H55)<=0.1,"Pass","Fail")) -> Fail | L55: Oscillation Test | M55: Pass | N55: =IF(AND(G55="Pass",K55="Pass",M55="Pass"),"PASS","FAIL") -> FAIL | O55: =IF(N55="PASS","Release to practicum","Quarantine — do not issue to students") -> Quarantine — do not issue to students
A56: 7 | B56: RLY-G2R-DC5 | C56: Relay SPDT 5VDC | D56: LOT-D-832 | E56: 27-Apr-2026 | F56: 19 | G56: Pass | H56: 70 | I56: 69.03 | J56: Coil R Meas | K56: =IF(G56="Fail","Fail",IF(ABS(I56-H56)/IF(H56=0,1,H56)<=0.1,"Pass","Fail")) -> Pass | L56: Switching Test | M56: Pass | N56: =IF(AND(G56="Pass",K56="Pass",M56="Pass"),"PASS","FAIL") -> PASS | O56: =IF(N56="PASS","Release to practicum","Quarantine — do not issue to students") -> Release to practicum
A57: 8 | B57: RLY-SRD-12V | C57: Relay SPDT 12VDC | D57: LOT-D-620 | E57: 27-Apr-2026 | F57: 24 | G57: Pass | H57: 400 | I57: 441.9 | J57: Coil R Meas | K57: =IF(G57="Fail","Fail",IF(ABS(I57-H57)/IF(H57=0,1,H57)<=0.1,"Pass","Fail")) -> Fail | L57: Switching Test | M57: Pass | N57: =IF(AND(G57="Pass",K57="Pass",M57="Pass"),"PASS","FAIL") -> FAIL | O57: =IF(N57="PASS","Release to practicum","Quarantine — do not issue to students") -> Quarantine — do not issue to students
A58: 9 | B58: SW-TACT-6mm | C58: Tactile Switch | D58: LOT-D-608 | E58: 28-Apr-2026 | F58: 25 | G58: Pass | H58: 0.5 | I58: 0.47 | J58: Contact R | K58: =IF(G58="Fail","Fail",IF(ABS(I58-H58)/IF(H58=0,1,H58)<=0.1,"Pass","Fail")) -> Pass | L58: Continuity Test | M58: Fail | N58: =IF(AND(G58="Pass",K58="Pass",M58="Pass"),"PASS","FAIL") -> FAIL | O58: =IF(N58="PASS","Release to practicum","Quarantine — do not issue to students") -> Quarantine — do not issue to students
A59: 10 | B59: SW-SLIDE | C59: Slide Switch SPDT | D59: LOT-D-960 | E59: 28-Apr-2026 | F59: 22 | G59: Pass | H59: 0.5 | I59: 0.5 | J59: Contact R | K59: =IF(G59="Fail","Fail",IF(ABS(I59-H59)/IF(H59=0,1,H59)<=0.1,"Pass","Fail")) -> Pass | L59: Continuity Test | M59: Fail | N59: =IF(AND(G59="Pass",K59="Pass",M59="Pass"),"PASS","FAIL") -> FAIL | O59: =IF(N59="PASS","Release to practicum","Quarantine — do not issue to students") -> Quarantine — do not issue to students
A60: 11 | B60: LED-RED-5mm | C60: LED Red 5mm | D60: LOT-D-926 | E60: 28-Apr-2026 | F60: 23 | G60: Pass | H60: 2 | I60: 1.94 | J60: Vf Meas | K60: =IF(G60="Fail","Fail",IF(ABS(I60-H60)/IF(H60=0,1,H60)<=0.1,"Pass","Fail")) -> Pass | L60: Brightness Check | M60: Pass | N60: =IF(AND(G60="Pass",K60="Pass",M60="Pass"),"PASS","FAIL") -> PASS | O60: =IF(N60="PASS","Release to practicum","Quarantine — do not issue to students") -> Release to practicum
A61: 12 | B61: LED-GRN-5mm | C61: LED Green 5mm | D61: LOT-D-171 | E61: 28-Apr-2026 | F61: 25 | G61: Pass | H61: 2.1 | I61: 2.25 | J61: Vf Meas | K61: =IF(G61="Fail","Fail",IF(ABS(I61-H61)/IF(H61=0,1,H61)<=0.1,"Pass","Fail")) -> Pass | L61: Brightness Check | M61: Pass | N61: =IF(AND(G61="Pass",K61="Pass",M61="Pass"),"PASS","FAIL") -> PASS | O61: =IF(N61="PASS","Release to practicum","Quarantine — do not issue to students") -> Release to practicum
A64: SESSION SUMMARY
A65: Metric | G65: Value | H65: Total Records | I65: PASS | J65: FAIL | K65: Pass Rate
H66: =COUNTA(B8:B61) -> 48 | I66: =COUNTIF(N8:N61,"PASS") -> 34 | J66: =COUNTIF(N8:N61,"FAIL") -> 14 | K66: =IFERROR(I66/H66,0) -> 0.70833333
A68: 📋 FORMULA & CALCULATION NOTES — ELEK DIGITAL
A69: Column / Field | B69: Calculation Logic
A70: Col K — Test 1 Result | B70: [Formula] IF(g="Fail","Fail", IF(ABS(i-h)/h ≤ 10%, "Pass", "Fail")),TRUE())),TRUE())),TRUE())),TRUE())) | H70: AUTO. Fails if Visual (G) already failed. Otherwise, passes only if measured value (I) is within ±10% of the rated spec (H). Tolerance 10% covers standard component variability.
A71: Col N — Overall Result | B71: [Formula] IF(AND(g="Pass", k="Pass", m="Pass"), "PASS", "FAIL") | H71: AUTO. Component passes only if ALL three tests pass: Visual (G), Test 1 (K), and Test 2 (M). Any single failure triggers FAIL — consistent with incoming inspection standards.
A72: Col O — Remarks / Disposition | B72: [Formula] IF(n="PASS", "Release to practicum", "Quarantine — do not issue") | H72: AUTO. Directly derived from Overall Result. PASS components are cleared for student use. FAIL components are quarantined and tracked in the Defect Log sheet.
A73: Col G — Visual Inspection | B73: [MANUAL INPUT: Pass / Fail] | H73: Inspector physically checks component body, pin integrity, marking, and housing. Recorded as Pass or Fail. Basis for all downstream formula calculations.
A74: Col H — Spec / Rated Value | B74: [MANUAL INPUT: numeric] | H74: Rated value from component datasheet or procurement spec (e.g., 10kΩ, 100µF, 70Ω coil). Used as reference denominator in Test 1 Result formula.
A75: Col I — Measured Value | B75: [MANUAL INPUT: numeric] | H75: Actual measured value from test instrument (multimeter, LCR meter, oscilloscope). Compared against Col H in the Test 1 Result formula.
A76: Col M — Test 2 Result | B76: [MANUAL INPUT: Pass / Fail] | H76: Result of functional test (e.g., logic function, switching response, communication test). Must be observed directly — cannot be calculated from a single measurement.
A77: ℹ Test instruments used: Multimeter (Sanwa CD771), LCR Meter, Oscilloscope (GDS-1022), DC Power Supply (HY3005F), Function Generator. Tolerance threshold ±10% aligned with IEC 60068 incoming inspection practices.

Sheet Sistem_Instr
A1: PRAKTIKUM SISTEM INSTRUMENTASI — COMPONENT QC INSPECTION LOG
A2: Lab Sensor & Sistem Telekontrol (SSTK) | Dept. Teknik Nuklir & Teknik Fisika, UGM | ~20 Mahasiswa/Sesi
A3: Test Equipment: Multimeter (Sanwa CD771), DC Power Supply, Oscilloscope (GDS-1022), Arduino Uno (test harness), Serial Monitor
A5: No. | B5: Part Number | C5: Component Description | D5: Batch / Lot No. | E5: Inspection Date | F5: Qty | G5: Visual Inspection | H5: Spec / Rated Value | I5: Measured Value | J5: Functional Test 1 | K5: Test 1 Result | L5: Functional Test 2 | M5: Test 2 Result | N5: Overall Result | O5: Remarks / Disposition
A6: ⚠ Columns shaded yellow = manual input per inspection session | Columns shaded gray = auto-calculated by formula | Overall Result = auto (PASS only if ALL tests pass)
A7: Inspection Session: Sesi A — Week 1 | Batch: LOT-A-2024
A8: 1 | B8: SEN-LM35 | C8: Temp Sensor LM35 | D8: LOT-A-980 | E8: 05-Apr-2026 | F8: 22 | G8: Pass | H8: 10 | I8: 10.7 | J8: Output @25°C | K8: =IF(G8="Fail","Fail",IF(ABS(I8-H8)/IF(H8=0,1,H8)<=0.1,"Pass","Fail")) -> Pass | L8: Linearity Test | M8: Pass | N8: =IF(AND(G8="Pass",K8="Pass",M8="Pass"),"PASS","FAIL") -> PASS | O8: =IF(N8="PASS","Release to practicum","Quarantine — do not issue to students") -> Release to practicum
A9: 2 | B9: SEN-DS18B20 | C9: 1-Wire Temp Sensor | D9: LOT-A-758 | E9: 05-Apr-2026 | F9: 22 | G9: Pass | H9: 0.5 | I9: 0.54 | J9: Measured Err | K9: =IF(G9="Fail","Fail",IF(ABS(I9-H9)/IF(H9=0,1,H9)<=0.1,"Pass","Fail")) -> Pass | L9: Communication Test | M9: Pass | N9: =IF(AND(G9="Pass",K9="Pass",M9="Pass"),"PASS","FAIL") -> PASS | O9: =IF(N9="PASS","Release to practicum","Quarantine — do not issue to students") -> Release to practicum
A10: 3 | B10: SEN-BMP180 | C10: Pressure Sensor | D10: LOT-A-214 | E10: 05-Apr-2026 | F10: 24 | G10: Fail | H10: 1 | I10: 1.09 | J10: Measured Err | K10: =IF(G10="Fail","Fail",IF(ABS(I10-H10)/IF(H10=0,1,H10)<=0.1,"Pass","Fail")) -> Fail | L10: I2C Comm Test | M10: Pass | N10: =IF(AND(G10="Pass",K10="Pass",M10="Pass"),"PASS","FAIL") -> FAIL | O10: =IF(N10="PASS","Release to practicum","Quarantine — do not issue to students") -> Quarantine — do not issue to students
A11: 4 | B11: SEN-LDR | C11: LDR Photo Sensor | D11: LOT-A-267 | E11: 05-Apr-2026 | F11: 22 | G11: Pass | H11: 10 | I11: 9.25 | J11: Dark R Meas | K11: =IF(G11="Fail","Fail",IF(ABS(I11-H11)/IF(H11=0,1,H11)<=0.1,"Pass","Fail")) -> Pass | L11: Light Response Test | M11: Pass | N11: =IF(AND(G11="Pass",K11="Pass",M11="Pass"),"PASS","FAIL") -> PASS | O11: =IF(N11="PASS","Release to practicum","Quarantine — do not issue to students") -> Release to practicum
A12: 5 | B12: SEN-PIR-HC | C12: PIR Motion Sensor | D12: LOT-A-161 | E12: 06-Apr-2026 | F12: 22 | G12: Pass | H12: 5 | I12: 4.6 | J12: Trigger Test | K12: =IF(G12="Fail","Fail",IF(ABS(I12-H12)/IF(H12=0,1,H12)<=0.1,"Pass","Fail")) -> Pass | L12: Detection Range | M12: Pass | N12: =IF(AND(G12="Pass",K12="Pass",M12="Pass"),"PASS","FAIL") -> PASS | O12: =IF(N12="PASS","Release to practicum","Quarantine — do not issue to students") -> Release to practicum
A13: 6 | B13: SEN-US-HC04 | C13: Ultrasonic HC-SR04 | D13: LOT-A-898 | E13: 06-Apr-2026 | F13: 22 | G13: Pass | H13: 400 | I13: 444.68 | J13: Accuracy | K13: =IF(G13="Fail","Fail",IF(ABS(I13-H13)/IF(H13=0,1,H13)<=0.1,"Pass","Fail")) -> Fail | L13: Echo Response Test | M13: Pass | N13: =IF(AND(G13="Pass",K13="Pass",M13="Pass"),"PASS","FAIL") -> FAIL | O13: =IF(N13="PASS","Release to practicum","Quarantine — do not issue to students") -> Quarantine — do not issue to students
A14: 7 | B14: MOD-ESP32 | C14: ESP32 MCU Module | D14: LOT-A-937 | E14: 06-Apr-2026 | F14: 20 | G14: Pass | H14: 3.3 | I14: 2.97 | J14: Boot Test | K14: =IF(G14="Fail","Fail",IF(ABS(I14-H14)/IF(H14=0,1,H14)<=0.1,"Pass","Fail")) -> Pass | L14: GPIO Continuity | M14: Pass | N14: =IF(AND(G14="Pass",K14="Pass",M14="Pass"),"PASS","FAIL") -> PASS | O14: =IF(N14="PASS","Release to practicum","Quarantine — do not issue to students") -> Release to practicum
A15: 8 | B15: MOD-ADS1115 | C15: ADC Module 16-bit | D15: LOT-A-210 | E15: 06-Apr-2026 | F15: 24 | G15: Pass | H15: 3.3 | I15: 3.53 | J15: I2C Comm Test | K15: =IF(G15="Fail","Fail",IF(ABS(I15-H15)/IF(H15=0,1,H15)<=0.1,"Pass","Fail")) -> Pass | L15: Conversion Test | M15: Pass | N15: =IF(AND(G15="Pass",K15="Pass",M15="Pass"),"PASS","FAIL") -> PASS | O15: =IF(N15="PASS","Release to practicum","Quarantine — do not issue to students") -> Release to practicum
A16: 9 | B16: MOD-4-20mA | C16: 4-20mA Transmitter | D16: LOT-A-556 | E16: 07-Apr-2026 | F16: 20 | G16: Pass | H16: 20 | I16: 18.77 | J16: Zero @4mA | K16: =IF(G16="Fail","Fail",IF(ABS(I16-H16)/IF(H16=0,1,H16)<=0.1,"Pass","Fail")) -> Pass | L16: Span @20mA | M16: Fail | N16: =IF(AND(G16="Pass",K16="Pass",M16="Pass"),"PASS","FAIL") -> FAIL | O16: =IF(N16="PASS","Release to practicum","Quarantine — do not issue to students") -> Quarantine — do not issue to students
A17: 10 | B17: XDCR-K-TC | C17: K-Type Thermocouple | D17: LOT-A-881 | E17: 07-Apr-2026 | F17: 21 | G17: Pass | H17: 2.5 | I17: 2.36 | J17: Output @25°C | K17: =IF(G17="Fail","Fail",IF(ABS(I17-H17)/IF(H17=0,1,H17)<=0.1,"Pass","Fail")) -> Pass | L17: Insulation Test | M17: Fail | N17: =IF(AND(G17="Pass",K17="Pass",M17="Pass"),"PASS","FAIL") -> FAIL | O17: =IF(N17="PASS","Release to practicum","Quarantine — do not issue to students") -> Quarantine — do not issue to students
A18: 11 | B18: XDCR-PT100 | C18: RTD PT100 | D18: LOT-A-475 | E18: 07-Apr-2026 | F18: 19 | G18: Pass | H18: 100 | I18: 91.49 | J18: Measured R @RT | K18: =IF(G18="Fail","Fail",IF(ABS(I18-H18)/IF(H18=0,1,H18)<=0.1,"Pass","Fail")) -> Pass | L18: Continuity Test | M18: Pass | N18: =IF(AND(G18="Pass",K18="Pass",M18="Pass"),"PASS","FAIL") -> PASS | O18: =IF(N18="PASS","Release to practicum","Quarantine — do not issue to students") -> Release to practicum
A19: 12 | B19: MOD-OLED | C19: OLED Display 0.96" | D19: LOT-A-570 | E19: 07-Apr-2026 | F19: 19 | G19: Pass | H19: 3.3 | I19: 3.48 | J19: Boot Display Test | K19: =IF(G19="Fail","Fail",IF(ABS(I19-H19)/IF(H19=0,1,H19)<=0.1,"Pass","Fail")) -> Pass | L19: I2C Comm Test | M19: Pass | N19: =IF(AND(G19="Pass",K19="Pass",M19="Pass"),"PASS","FAIL") -> PASS | O19: =IF(N19="PASS","Release to practicum","Quarantine — do not issue to students") -> Release to practicum
A21: Inspection Session: Sesi B — Week 2 | Batch: LOT-B-2025
A22: 1 | B22: SEN-LM35 | C22: Temp Sensor LM35 | D22: LOT-B-940 | E22: 12-Apr-2026 | F22: 21 | G22: Pass | H22: 10 | I22: 9.92 | J22: Output @25°C | K22: =IF(G22="Fail","Fail",IF(ABS(I22-H22)/IF(H22=0,1,H22)<=0.1,"Pass","Fail")) -> Pass | L22: Linearity Test | M22: Pass | N22: =IF(AND(G22="Pass",K22="Pass",M22="Pass"),"PASS","FAIL") -> PASS | O22: =IF(N22="PASS","Release to practicum","Quarantine — do not issue to students") -> Release to practicum
A23: 2 | B23: SEN-DS18B20 | C23: 1-Wire Temp Sensor | D23: LOT-B-336 | E23: 12-Apr-2026 | F23: 19 | G23: Pass | H23: 0.5 | I23: 0.49 | J23: Measured Err | K23: =IF(G23="Fail","Fail",IF(ABS(I23-H23)/IF(H23=0,1,H23)<=0.1,"Pass","Fail")) -> Pass | L23: Communication Test | M23: Pass | N23: =IF(AND(G23="Pass",K23="Pass",M23="Pass"),"PASS","FAIL") -> PASS | O23: =IF(N23="PASS","Release to practicum","Quarantine — do not issue to students") -> Release to practicum
A24: 3 | B24: SEN-BMP180 | C24: Pressure Sensor | D24: LOT-B-888 | E24: 12-Apr-2026 | F24: 22 | G24: Pass | H24: 1 | I24: 1.06 | J24: Measured Err | K24: =IF(G24="Fail","Fail",IF(ABS(I24-H24)/IF(H24=0,1,H24)<=0.1,"Pass","Fail")) -> Pass | L24: I2C Comm Test | M24: Pass | N24: =IF(AND(G24="Pass",K24="Pass",M24="Pass"),"PASS","FAIL") -> PASS | O24: =IF(N24="PASS","Release to practicum","Quarantine — do not issue to students") -> Release to practicum
A25: 4 | B25: SEN-LDR | C25: LDR Photo Sensor | D25: LOT-B-943 | E25: 12-Apr-2026 | F25: 20 | G25: Pass | H25: 10 | I25: 10.93 | J25: Dark R Meas | K25: =IF(G25="Fail","Fail",IF(ABS(I25-H25)/IF(H25=0,1,H25)<=0.1,"Pass","Fail")) -> Pass | L25: Light Response Test | M25: Pass | N25: =IF(AND(G25="Pass",K25="Pass",M25="Pass"),"PASS","FAIL") -> PASS | O25: =IF(N25="PASS","Release to practicum","Quarantine — do not issue to students") -> Release to practicum
A26: 5 | B26: SEN-PIR-HC | C26: PIR Motion Sensor | D26: LOT-B-348 | E26: 13-Apr-2026 | F26: 20 | G26: Pass | H26: 5 | I26: 4.64 | J26: Trigger Test | K26: =IF(G26="Fail","Fail",IF(ABS(I26-H26)/IF(H26=0,1,H26)<=0.1,"Pass","Fail")) -> Pass | L26: Detection Range | M26: Pass | N26: =IF(AND(G26="Pass",K26="Pass",M26="Pass"),"PASS","FAIL") -> PASS | O26: =IF(N26="PASS","Release to practicum","Quarantine — do not issue to students") -> Release to practicum
A27: 6 | B27: SEN-US-HC04 | C27: Ultrasonic HC-SR04 | D27: LOT-B-382 | E27: 13-Apr-2026 | F27: 24 | G27: Pass | H27: 400 | I27: 439.53 | J27: Accuracy | K27: =IF(G27="Fail","Fail",IF(ABS(I27-H27)/IF(H27=0,1,H27)<=0.1,"Pass","Fail")) -> Pass | L27: Echo Response Test | M27: Pass | N27: =IF(AND(G27="Pass",K27="Pass",M27="Pass"),"PASS","FAIL") -> PASS | O27: =IF(N27="PASS","Release to practicum","Quarantine — do not issue to students") -> Release to practicum
A28: 7 | B28: MOD-ESP32 | C28: ESP32 MCU Module | D28: LOT-B-508 | E28: 13-Apr-2026 | F28: 19 | G28: Pass | H28: 3.3 | I28: 3.03 | J28: Boot Test | K28: =IF(G28="Fail","Fail",IF(ABS(I28-H28)/IF(H28=0,1,H28)<=0.1,"Pass","Fail")) -> Pass | L28: GPIO Continuity | M28: Pass | N28: =IF(AND(G28="Pass",K28="Pass",M28="Pass"),"PASS","FAIL") -> PASS | O28: =IF(N28="PASS","Release to practicum","Quarantine — do not issue to students") -> Release to practicum
A29: 8 | B29: MOD-ADS1115 | C29: ADC Module 16-bit | D29: LOT-B-845 | E29: 13-Apr-2026 | F29: 19 | G29: Pass | H29: 3.3 | I29: 3.11 | J29: I2C Comm Test | K29: =IF(G29="Fail","Fail",IF(ABS(I29-H29)/IF(H29=0,1,H29)<=0.1,"Pass","Fail")) -> Pass | L29: Conversion Test | M29: Pass | N29: =IF(AND(G29="Pass",K29="Pass",M29="Pass"),"PASS","FAIL") -> PASS | O29: =IF(N29="PASS","Release to practicum","Quarantine — do not issue to students") -> Release to practicum
A30: 9 | B30: MOD-4-20mA | C30: 4-20mA Transmitter | D30: LOT-B-746 | E30: 14-Apr-2026 | F30: 21 | G30: Pass | H30: 20 | I30: 17.99 | J30: Zero @4mA | K30: =IF(G30="Fail","Fail",IF(ABS(I30-H30)/IF(H30=0,1,H30)<=0.1,"Pass","Fail")) -> Fail | L30: Span @20mA | M30: Pass | N30: =IF(AND(G30="Pass",K30="Pass",M30="Pass"),"PASS","FAIL") -> FAIL | O30: =IF(N30="PASS","Release to practicum","Quarantine — do not issue to students") -> Quarantine — do not issue to students
A31: 10 | B31: XDCR-K-TC | C31: K-Type Thermocouple | D31: LOT-B-228 | E31: 14-Apr-2026 | F31: 24 | G31: Pass | H31: 2.5 | I31: 2.68 | J31: Output @25°C | K31: =IF(G31="Fail","Fail",IF(ABS(I31-H31)/IF(H31=0,1,H31)<=0.1,"Pass","Fail")) -> Pass | L31: Insulation Test | M31: Pass | N31: =IF(AND(G31="Pass",K31="Pass",M31="Pass"),"PASS","FAIL") -> PASS | O31: =IF(N31="PASS","Release to practicum","Quarantine — do not issue to students") -> Release to practicum
A32: 11 | B32: XDCR-PT100 | C32: RTD PT100 | D32: LOT-B-576 | E32: 14-Apr-2026 | F32: 25 | G32: Pass | H32: 100 | I32: 101.54 | J32: Measured R @RT | K32: =IF(G32="Fail","Fail",IF(ABS(I32-H32)/IF(H32=0,1,H32)<=0.1,"Pass","Fail")) -> Pass | L32: Continuity Test | M32: Pass | N32: =IF(AND(G32="Pass",K32="Pass",M32="Pass"),"PASS","FAIL") -> PASS | O32: =IF(N32="PASS","Release to practicum","Quarantine — do not issue to students") -> Release to practicum
A33: 12 | B33: MOD-OLED | C33: OLED Display 0.96" | D33: LOT-B-598 | E33: 14-Apr-2026 | F33: 21 | G33: Pass | H33: 3.3 | I33: 3.36 | J33: Boot Display Test | K33: =IF(G33="Fail","Fail",IF(ABS(I33-H33)/IF(H33=0,1,H33)<=0.1,"Pass","Fail")) -> Pass | L33: I2C Comm Test | M33: Pass | N33: =IF(AND(G33="Pass",K33="Pass",M33="Pass"),"PASS","FAIL") -> PASS | O33: =IF(N33="PASS","Release to practicum","Quarantine — do not issue to students") -> Release to practicum
A35: Inspection Session: Sesi C — Week 3 | Batch: LOT-C-2026
A36: 1 | B36: SEN-LM35 | C36: Temp Sensor LM35 | D36: LOT-C-960 | E36: 19-Apr-2026 | F36: 24 | G36: Pass | H36: 10 | I36: 9.33 | J36: Output @25°C | K36: =IF(G36="Fail","Fail",IF(ABS(I36-H36)/IF(H36=0,1,H36)<=0.1,"Pass","Fail")) -> Pass | L36: Linearity Test | M36: Pass | N36: =IF(AND(G36="Pass",K36="Pass",M36="Pass"),"PASS","FAIL") -> PASS | O36: =IF(N36="PASS","Release to practicum","Quarantine — do not issue to students") -> Release to practicum
A37: 2 | B37: SEN-DS18B20 | C37: 1-Wire Temp Sensor | D37: LOT-C-127 | E37: 19-Apr-2026 | F37: 22 | G37: Pass | H37: 0.5 | I37: 0.53 | J37: Measured Err | K37: =IF(G37="Fail","Fail",IF(ABS(I37-H37)/IF(H37=0,1,H37)<=0.1,"Pass","Fail")) -> Pass | L37: Communication Test | M37: Pass | N37: =IF(AND(G37="Pass",K37="Pass",M37="Pass"),"PASS","FAIL") -> PASS | O37: =IF(N37="PASS","Release to practicum","Quarantine — do not issue to students") -> Release to practicum
A38: 3 | B38: SEN-BMP180 | C38: Pressure Sensor | D38: LOT-C-861 | E38: 19-Apr-2026 | F38: 22 | G38: Pass | H38: 1 | I38: 1.05 | J38: Measured Err | K38: =IF(G38="Fail","Fail",IF(ABS(I38-H38)/IF(H38=0,1,H38)<=0.1,"Pass","Fail")) -> Pass | L38: I2C Comm Test | M38: Pass | N38: =IF(AND(G38="Pass",K38="Pass",M38="Pass"),"PASS","FAIL") -> PASS | O38: =IF(N38="PASS","Release to practicum","Quarantine — do not issue to students") -> Release to practicum
A39: 4 | B39: SEN-LDR | C39: LDR Photo Sensor | D39: LOT-C-336 | E39: 19-Apr-2026 | F39: 25 | G39: Pass | H39: 10 | I39: 10.35 | J39: Dark R Meas | K39: =IF(G39="Fail","Fail",IF(ABS(I39-H39)/IF(H39=0,1,H39)<=0.1,"Pass","Fail")) -> Pass | L39: Light Response Test | M39: Pass | N39: =IF(AND(G39="Pass",K39="Pass",M39="Pass"),"PASS","FAIL") -> PASS | O39: =IF(N39="PASS","Release to practicum","Quarantine — do not issue to students") -> Release to practicum
A40: 5 | B40: SEN-PIR-HC | C40: PIR Motion Sensor | D40: LOT-C-453 | E40: 20-Apr-2026 | F40: 22 | G40: Pass | H40: 5 | I40: 5.24 | J40: Trigger Test | K40: =IF(G40="Fail","Fail",IF(ABS(I40-H40)/IF(H40=0,1,H40)<=0.1,"Pass","Fail")) -> Pass | L40: Detection Range | M40: Pass | N40: =IF(AND(G40="Pass",K40="Pass",M40="Pass"),"PASS","FAIL") -> PASS | O40: =IF(N40="PASS","Release to practicum","Quarantine — do not issue to students") -> Release to practicum
A41: 6 | B41: SEN-US-HC04 | C41: Ultrasonic HC-SR04 | D41: LOT-C-445 | E41: 20-Apr-2026 | F41: 25 | G41: Pass | H41: 400 | I41: 444.43 | J41: Accuracy | K41: =IF(G41="Fail","Fail",IF(ABS(I41-H41)/IF(H41=0,1,H41)<=0.1,"Pass","Fail")) -> Fail | L41: Echo Response Test | M41: Pass | N41: =IF(AND(G41="Pass",K41="Pass",M41="Pass"),"PASS","FAIL") -> FAIL | O41: =IF(N41="PASS","Release to practicum","Quarantine — do not issue to students") -> Quarantine — do not issue to students
A42: 7 | B42: MOD-ESP32 | C42: ESP32 MCU Module | D42: LOT-C-308 | E42: 20-Apr-2026 | F42: 19 | G42: Pass | H42: 3.3 | I42: 3.25 | J42: Boot Test | K42: =IF(G42="Fail","Fail",IF(ABS(I42-H42)/IF(H42=0,1,H42)<=0.1,"Pass","Fail")) -> Pass | L42: GPIO Continuity | M42: Pass | N42: =IF(AND(G42="Pass",K42="Pass",M42="Pass"),"PASS","FAIL") -> PASS | O42: =IF(N42="PASS","Release to practicum","Quarantine — do not issue to students") -> Release to practicum
A43: 8 | B43: MOD-ADS1115 | C43: ADC Module 16-bit | D43: LOT-C-249 | E43: 20-Apr-2026 | F43: 23 | G43: Pass | H43: 3.3 | I43: 3.35 | J43: I2C Comm Test | K43: =IF(G43="Fail","Fail",IF(ABS(I43-H43)/IF(H43=0,1,H43)<=0.1,"Pass","Fail")) -> Pass | L43: Conversion Test | M43: Pass | N43: =IF(AND(G43="Pass",K43="Pass",M43="Pass"),"PASS","FAIL") -> PASS | O43: =IF(N43="PASS","Release to practicum","Quarantine — do not issue to students") -> Release to practicum
A44: 9 | B44: MOD-4-20mA | C44: 4-20mA Transmitter | D44: LOT-C-902 | E44: 21-Apr-2026 | F44: 18 | G44: Pass | H44: 20 | I44: 18.51 | J44: Zero @4mA | K44: =IF(G44="Fail","Fail",IF(ABS(I44-H44)/IF(H44=0,1,H44)<=0.1,"Pass","Fail")) -> Pass | L44: Span @20mA | M44: Pass | N44: =IF(AND(G44="Pass",K44="Pass",M44="Pass"),"PASS","FAIL") -> PASS | O44: =IF(N44="PASS","Release to practicum","Quarantine — do not issue to students") -> Release to practicum
A45: 10 | B45: XDCR-K-TC | C45: K-Type Thermocouple | D45: LOT-C-706 | E45: 21-Apr-2026 | F45: 20 | G45: Pass | H45: 2.5 | I45: 2.6 | J45: Output @25°C | K45: =IF(G45="Fail","Fail",IF(ABS(I45-H45)/IF(H45=0,1,H45)<=0.1,"Pass","Fail")) -> Pass | L45: Insulation Test | M45: Pass | N45: =IF(AND(G45="Pass",K45="Pass",M45="Pass"),"PASS","FAIL") -> PASS | O45: =IF(N45="PASS","Release to practicum","Quarantine — do not issue to students") -> Release to practicum
A46: 11 | B46: XDCR-PT100 | C46: RTD PT100 | D46: LOT-C-260 | E46: 21-Apr-2026 | F46: 23 | G46: Pass | H46: 100 | I46: 97.57 | J46: Measured R @RT | K46: =IF(G46="Fail","Fail",IF(ABS(I46-H46)/IF(H46=0,1,H46)<=0.1,"Pass","Fail")) -> Pass | L46: Continuity Test | M46: Pass | N46: =IF(AND(G46="Pass",K46="Pass",M46="Pass"),"PASS","FAIL") -> PASS | O46: =IF(N46="PASS","Release to practicum","Quarantine — do not issue to students") -> Release to practicum
A47: 12 | B47: MOD-OLED | C47: OLED Display 0.96" | D47: LOT-C-418 | E47: 21-Apr-2026 | F47: 23 | G47: Pass | H47: 3.3 | I47: 3.48 | J47: Boot Display Test | K47: =IF(G47="Fail","Fail",IF(ABS(I47-H47)/IF(H47=0,1,H47)<=0.1,"Pass","Fail")) -> Pass | L47: I2C Comm Test | M47: Pass | N47: =IF(AND(G47="Pass",K47="Pass",M47="Pass"),"PASS","FAIL") -> PASS | O47: =IF(N47="PASS","Release to practicum","Quarantine — do not issue to students") -> Release to practicum
A49: Inspection Session: Sesi D — Week 4 | Batch: LOT-D-2027
A50: 1 | B50: SEN-LM35 | C50: Temp Sensor LM35 | D50: LOT-D-603 | E50: 26-Apr-2026 | F50: 25 | G50: Pass | H50: 10 | I50: 9.86 | J50: Output @25°C | K50: =IF(G50="Fail","Fail",IF(ABS(I50-H50)/IF(H50=0,1,H50)<=0.1,"Pass","Fail")) -> Pass | L50: Linearity Test | M50: Pass | N50: =IF(AND(G50="Pass",K50="Pass",M50="Pass"),"PASS","FAIL") -> PASS | O50: =IF(N50="PASS","Release to practicum","Quarantine — do not issue to students") -> Release to practicum
A51: 2 | B51: SEN-DS18B20 | C51: 1-Wire Temp Sensor | D51: LOT-D-180 | E51: 26-Apr-2026 | F51: 22 | G51: Pass | H51: 0.5 | I51: 0.53 | J51: Measured Err | K51: =IF(G51="Fail","Fail",IF(ABS(I51-H51)/IF(H51=0,1,H51)<=0.1,"Pass","Fail")) -> Pass | L51: Communication Test | M51: Fail | N51: =IF(AND(G51="Pass",K51="Pass",M51="Pass"),"PASS","FAIL") -> FAIL | O51: =IF(N51="PASS","Release to practicum","Quarantine — do not issue to students") -> Quarantine — do not issue to students
A52: 3 | B52: SEN-BMP180 | C52: Pressure Sensor | D52: LOT-D-272 | E52: 26-Apr-2026 | F52: 19 | G52: Pass | H52: 1 | I52: 1.08 | J52: Measured Err | K52: =IF(G52="Fail","Fail",IF(ABS(I52-H52)/IF(H52=0,1,H52)<=0.1,"Pass","Fail")) -> Pass | L52: I2C Comm Test | M52: Pass | N52: =IF(AND(G52="Pass",K52="Pass",M52="Pass"),"PASS","FAIL") -> PASS | O52: =IF(N52="PASS","Release to practicum","Quarantine — do not issue to students") -> Release to practicum
A53: 4 | B53: SEN-LDR | C53: LDR Photo Sensor | D53: LOT-D-706 | E53: 26-Apr-2026 | F53: 20 | G53: Pass | H53: 10 | I53: 9.3 | J53: Dark R Meas | K53: =IF(G53="Fail","Fail",IF(ABS(I53-H53)/IF(H53=0,1,H53)<=0.1,"Pass","Fail")) -> Pass | L53: Light Response Test | M53: Pass | N53: =IF(AND(G53="Pass",K53="Pass",M53="Pass"),"PASS","FAIL") -> PASS | O53: =IF(N53="PASS","Release to practicum","Quarantine — do not issue to students") -> Release to practicum
A54: 5 | B54: SEN-PIR-HC | C54: PIR Motion Sensor | D54: LOT-D-973 | E54: 27-Apr-2026 | F54: 21 | G54: Pass | H54: 5 | I54: 4.81 | J54: Trigger Test | K54: =IF(G54="Fail","Fail",IF(ABS(I54-H54)/IF(H54=0,1,H54)<=0.1,"Pass","Fail")) -> Pass | L54: Detection Range | M54: Pass | N54: =IF(AND(G54="Pass",K54="Pass",M54="Pass"),"PASS","FAIL") -> PASS | O54: =IF(N54="PASS","Release to practicum","Quarantine — do not issue to students") -> Release to practicum
A55: 6 | B55: SEN-US-HC04 | C55: Ultrasonic HC-SR04 | D55: LOT-D-976 | E55: 27-Apr-2026 | F55: 21 | G55: Pass | H55: 400 | I55: 409.19 | J55: Accuracy | K55: =IF(G55="Fail","Fail",IF(ABS(I55-H55)/IF(H55=0,1,H55)<=0.1,"Pass","Fail")) -> Pass | L55: Echo Response Test | M55: Pass | N55: =IF(AND(G55="Pass",K55="Pass",M55="Pass"),"PASS","FAIL") -> PASS | O55: =IF(N55="PASS","Release to practicum","Quarantine — do not issue to students") -> Release to practicum
A56: 7 | B56: MOD-ESP32 | C56: ESP32 MCU Module | D56: LOT-D-588 | E56: 27-Apr-2026 | F56: 23 | G56: Pass | H56: 3.3 | I56: 3.15 | J56: Boot Test | K56: =IF(G56="Fail","Fail",IF(ABS(I56-H56)/IF(H56=0,1,H56)<=0.1,"Pass","Fail")) -> Pass | L56: GPIO Continuity | M56: Pass | N56: =IF(AND(G56="Pass",K56="Pass",M56="Pass"),"PASS","FAIL") -> PASS | O56: =IF(N56="PASS","Release to practicum","Quarantine — do not issue to students") -> Release to practicum
A57: 8 | B57: MOD-ADS1115 | C57: ADC Module 16-bit | D57: LOT-D-496 | E57: 27-Apr-2026 | F57: 25 | G57: Pass | H57: 3.3 | I57: 3.13 | J57: I2C Comm Test | K57: =IF(G57="Fail","Fail",IF(ABS(I57-H57)/IF(H57=0,1,H57)<=0.1,"Pass","Fail")) -> Pass | L57: Conversion Test | M57: Fail | N57: =IF(AND(G57="Pass",K57="Pass",M57="Pass"),"PASS","FAIL") -> FAIL | O57: =IF(N57="PASS","Release to practicum","Quarantine — do not issue to students") -> Quarantine — do not issue to students
A58: 9 | B58: MOD-4-20mA | C58: 4-20mA Transmitter | D58: LOT-D-479 | E58: 28-Apr-2026 | F58: 25 | G58: Pass | H58: 20 | I58: 22.19 | J58: Zero @4mA | K58: =IF(G58="Fail","Fail",IF(ABS(I58-H58)/IF(H58=0,1,H58)<=0.1,"Pass","Fail")) -> Fail | L58: Span @20mA | M58: Pass | N58: =IF(AND(G58="Pass",K58="Pass",M58="Pass"),"PASS","FAIL") -> FAIL | O58: =IF(N58="PASS","Release to practicum","Quarantine — do not issue to students") -> Quarantine — do not issue to students
A59: 10 | B59: XDCR-K-TC | C59: K-Type Thermocouple | D59: LOT-D-252 | E59: 28-Apr-2026 | F59: 20 | G59: Pass | H59: 2.5 | I59: 2.65 | J59: Output @25°C | K59: =IF(G59="Fail","Fail",IF(ABS(I59-H59)/IF(H59=0,1,H59)<=0.1,"Pass","Fail")) -> Pass | L59: Insulation Test | M59: Pass | N59: =IF(AND(G59="Pass",K59="Pass",M59="Pass"),"PASS","FAIL") -> PASS | O59: =IF(N59="PASS","Release to practicum","Quarantine — do not issue to students") -> Release to practicum
A60: 11 | B60: XDCR-PT100 | C60: RTD PT100 | D60: LOT-D-789 | E60: 28-Apr-2026 | F60: 21 | G60: Pass | H60: 100 | I60: 93.38 | J60: Measured R @RT | K60: =IF(G60="Fail","Fail",IF(ABS(I60-H60)/IF(H60=0,1,H60)<=0.1,"Pass","Fail")) -> Pass | L60: Continuity Test | M60: Pass | N60: =IF(AND(G60="Pass",K60="Pass",M60="Pass"),"PASS","FAIL") -> PASS | O60: =IF(N60="PASS","Release to practicum","Quarantine — do not issue to students") -> Release to practicum
A61: 12 | B61: MOD-OLED | C61: OLED Display 0.96" | D61: LOT-D-507 | E61: 28-Apr-2026 | F61: 24 | G61: Pass | H61: 3.3 | I61: 3.18 | J61: Boot Display Test | K61: =IF(G61="Fail","Fail",IF(ABS(I61-H61)/IF(H61=0,1,H61)<=0.1,"Pass","Fail")) -> Pass | L61: I2C Comm Test | M61: Pass | N61: =IF(AND(G61="Pass",K61="Pass",M61="Pass"),"PASS","FAIL") -> PASS | O61: =IF(N61="PASS","Release to practicum","Quarantine — do not issue to students") -> Release to practicum
A64: SESSION SUMMARY
A65: Metric | G65: Value | H65: Total Records | I65: PASS | J65: FAIL | K65: Pass Rate
H66: =COUNTA(B8:B61) -> 48 | I66: =COUNTIF(N8:N61,"PASS") -> 39 | J66: =COUNTIF(N8:N61,"FAIL") -> 9 | K66: =IFERROR(I66/H66,0) -> 0.8125
A68: 📋 FORMULA & CALCULATION NOTES — SISTEM INSTR
A69: Column / Field | B69: Calculation Logic
A70: Col K — Test 1 Result | B70: [Formula] IF(g="Fail","Fail", IF(ABS(i-h)/h ≤ 10%, "Pass", "Fail")),TRUE())),TRUE())),TRUE())),TRUE())) | H70: AUTO. Fails if Visual (G) already failed. Otherwise, passes only if measured value (I) is within ±10% of the rated spec (H). Tolerance 10% covers standard component variability.
A71: Col N — Overall Result | B71: [Formula] IF(AND(g="Pass", k="Pass", m="Pass"), "PASS", "FAIL") | H71: AUTO. Component passes only if ALL three tests pass: Visual (G), Test 1 (K), and Test 2 (M). Any single failure triggers FAIL — consistent with incoming inspection standards.
A72: Col O — Remarks / Disposition | B72: [Formula] IF(n="PASS", "Release to practicum", "Quarantine — do not issue") | H72: AUTO. Directly derived from Overall Result. PASS components are cleared for student use. FAIL components are quarantined and tracked in the Defect Log sheet.
A73: Col G — Visual Inspection | B73: [MANUAL INPUT: Pass / Fail] | H73: Inspector physically checks component body, pin integrity, marking, and housing. Recorded as Pass or Fail. Basis for all downstream formula calculations.
A74: Col H — Spec / Rated Value | B74: [MANUAL INPUT: numeric] | H74: Rated value from component datasheet or procurement spec (e.g., 10kΩ, 100µF, 70Ω coil). Used as reference denominator in Test 1 Result formula.
A75: Col I — Measured Value | B75: [MANUAL INPUT: numeric] | H75: Actual measured value from test instrument (multimeter, LCR meter, oscilloscope). Compared against Col H in the Test 1 Result formula.
A76: Col M — Test 2 Result | B76: [MANUAL INPUT: Pass / Fail] | H76: Result of functional test (e.g., logic function, switching response, communication test). Must be observed directly — cannot be calculated from a single measurement.
A77: ℹ Test instruments used: Multimeter (Sanwa CD771), LCR Meter, Oscilloscope (GDS-1022), DC Power Supply (HY3005F), Function Generator. Tolerance threshold ±10% aligned with IEC 60068 incoming inspection practices.

Sheet Jar_Komunikasi
A1: PRAKTIKUM JARINGAN KOMUNIKASI — COMPONENT QC INSPECTION LOG
A2: Lab Sensor & Sistem Telekontrol (SSTK) | Dept. Teknik Nuklir & Teknik Fisika, UGM | ~20 Mahasiswa/Sesi
A3: Test Equipment: Multimeter (Sanwa CD771), DC Power Supply, Spectrum Analyzer (basic), Serial Terminal (Arduino IDE), Oscilloscope
A5: No. | B5: Part Number | C5: Component Description | D5: Batch / Lot No. | E5: Inspection Date | F5: Qty | G5: Visual Inspection | H5: Spec / Rated Value | I5: Measured Value | J5: Functional Test 1 | K5: Test 1 Result | L5: Functional Test 2 | M5: Test 2 Result | N5: Overall Result | O5: Remarks / Disposition
A6: ⚠ Columns shaded yellow = manual input per inspection session | Columns shaded gray = auto-calculated by formula | Overall Result = auto (PASS only if ALL tests pass)
A7: Inspection Session: Sesi A — Week 1 | Batch: LOT-A-2024
A8: 1 | B8: MOD-NRF24L01 | C8: RF Module 2.4GHz | D8: LOT-A-785 | E8: 05-Apr-2026 | F8: 18 | G8: Pass | H8: 3.3 | I8: 3.05 | J8: Power Test | K8: =IF(G8="Fail","Fail",IF(ABS(I8-H8)/IF(H8=0,1,H8)<=0.1,"Pass","Fail")) -> Pass | L8: TX/RX Comm Test | M8: Pass | N8: =IF(AND(G8="Pass",K8="Pass",M8="Pass"),"PASS","FAIL") -> PASS | O8: =IF(N8="PASS","Release to practicum","Quarantine — do not issue to students") -> Release to practicum
A9: 2 | B9: MOD-HC-05 | C9: Bluetooth Module | D9: LOT-A-407 | E9: 05-Apr-2026 | F9: 21 | G9: Pass | H9: 5 | I9: 5.24 | J9: AT Cmd Response | K9: =IF(G9="Fail","Fail",IF(ABS(I9-H9)/IF(H9=0,1,H9)<=0.1,"Pass","Fail")) -> Pass | L9: Pairing Test | M9: Pass | N9: =IF(AND(G9="Pass",K9="Pass",M9="Pass"),"PASS","FAIL") -> PASS | O9: =IF(N9="PASS","Release to practicum","Quarantine — do not issue to students") -> Release to practicum
A10: 3 | B10: MOD-SIM800L | C10: GSM/GPRS Module | D10: LOT-A-608 | E10: 05-Apr-2026 | F10: 18 | G10: Pass | H10: 4 | I10: 4.17 | J10: AT Cmd Response | K10: =IF(G10="Fail","Fail",IF(ABS(I10-H10)/IF(H10=0,1,H10)<=0.1,"Pass","Fail")) -> Pass | L10: SIM Card Detection | M10: Pass | N10: =IF(AND(G10="Pass",K10="Pass",M10="Pass"),"PASS","FAIL") -> PASS | O10: =IF(N10="PASS","Release to practicum","Quarantine — do not issue to students") -> Release to practicum
A11: 4 | B11: MOD-LORA32 | C11: LoRa Module 433MHz | D11: LOT-A-761 | E11: 05-Apr-2026 | F11: 21 | G11: Fail | H11: 3.3 | I11: 3.08 | J11: TX Power | K11: =IF(G11="Fail","Fail",IF(ABS(I11-H11)/IF(H11=0,1,H11)<=0.1,"Pass","Fail")) -> Fail | L11: RX Sensitivity | M11: Pass | N11: =IF(AND(G11="Pass",K11="Pass",M11="Pass"),"PASS","FAIL") -> FAIL | O11: =IF(N11="PASS","Release to practicum","Quarantine — do not issue to students") -> Quarantine — do not issue to students
A12: 5 | B12: MOD-MAX485 | C12: RS-485 Transceiver | D12: LOT-A-742 | E12: 06-Apr-2026 | F12: 21 | G12: Pass | H12: 5 | I12: 5.09 | J12: Power Test | K12: =IF(G12="Fail","Fail",IF(ABS(I12-H12)/IF(H12=0,1,H12)<=0.1,"Pass","Fail")) -> Pass | L12: Tx/Rx Enable Test | M12: Pass | N12: =IF(AND(G12="Pass",K12="Pass",M12="Pass"),"PASS","FAIL") -> PASS | O12: =IF(N12="PASS","Release to practicum","Quarantine — do not issue to students") -> Release to practicum
A13: 6 | B13: MOD-MCP2515 | C13: CAN Bus Controller | D13: LOT-A-604 | E13: 06-Apr-2026 | F13: 20 | G13: Pass | H13: 5 | I13: 4.98 | J13: SPI Comm Test | K13: =IF(G13="Fail","Fail",IF(ABS(I13-H13)/IF(H13=0,1,H13)<=0.1,"Pass","Fail")) -> Pass | L13: CAN Frame Test | M13: Pass | N13: =IF(AND(G13="Pass",K13="Pass",M13="Pass"),"PASS","FAIL") -> PASS | O13: =IF(N13="PASS","Release to practicum","Quarantine — do not issue to students") -> Release to practicum
A14: 7 | B14: CON-RJ45 | C14: RJ45 Connector Cat5e | D14: LOT-A-748 | E14: 06-Apr-2026 | F14: 25 | G14: Pass | H14: 8 | I14: 7.14 | J14: Continuity | K14: =IF(G14="Fail","Fail",IF(ABS(I14-H14)/IF(H14=0,1,H14)<=0.1,"Pass","Fail")) -> Fail | L14: Crimp Quality | M14: Pass | N14: =IF(AND(G14="Pass",K14="Pass",M14="Pass"),"PASS","FAIL") -> FAIL | O14: =IF(N14="PASS","Release to practicum","Quarantine — do not issue to students") -> Quarantine — do not issue to students
A15: 8 | B15: CBL-USB-A | C15: USB-A to USB-B 1m | D15: LOT-A-763 | E15: 06-Apr-2026 | F15: 20 | G15: Pass | H15: 4 | I15: 3.94 | J15: Pin Continuity | K15: =IF(G15="Fail","Fail",IF(ABS(I15-H15)/IF(H15=0,1,H15)<=0.1,"Pass","Fail")) -> Pass | L15: Data Transfer Test | M15: Fail | N15: =IF(AND(G15="Pass",K15="Pass",M15="Pass"),"PASS","FAIL") -> FAIL | O15: =IF(N15="PASS","Release to practicum","Quarantine — do not issue to students") -> Quarantine — do not issue to students
A16: 9 | B16: REL-G5V-DC5 | C16: Signal Relay 5VDC | D16: LOT-A-421 | E16: 07-Apr-2026 | F16: 20 | G16: Pass | H16: 50 | I16: 52.03 | J16: Coil R Meas | K16: =IF(G16="Fail","Fail",IF(ABS(I16-H16)/IF(H16=0,1,H16)<=0.1,"Pass","Fail")) -> Pass | L16: Switching Test | M16: Pass | N16: =IF(AND(G16="Pass",K16="Pass",M16="Pass"),"PASS","FAIL") -> PASS | O16: =IF(N16="PASS","Release to practicum","Quarantine — do not issue to students") -> Release to practicum
A17: 10 | B17: ANT-2.4G | C17: 2.4GHz PCB Antenna | D17: LOT-A-938 | E17: 07-Apr-2026 | F17: 23 | G17: Pass | H17: 2 | I17: 2.05 | J17: Connector Check | K17: =IF(G17="Fail","Fail",IF(ABS(I17-H17)/IF(H17=0,1,H17)<=0.1,"Pass","Fail")) -> Pass | L17: Return Loss Test | M17: Pass | N17: =IF(AND(G17="Pass",K17="Pass",M17="Pass"),"PASS","FAIL") -> PASS | O17: =IF(N17="PASS","Release to practicum","Quarantine — do not issue to students") -> Release to practicum
A18: 11 | B18: TB-2P-5MM | C18: Terminal Block 2P | D18: LOT-A-609 | E18: 07-Apr-2026 | F18: 24 | G18: Pass | H18: 10 | I18: 8.84 | J18: Contact R | K18: =IF(G18="Fail","Fail",IF(ABS(I18-H18)/IF(H18=0,1,H18)<=0.1,"Pass","Fail")) -> Fail | L18: Screw Torque Test | M18: Pass | N18: =IF(AND(G18="Pass",K18="Pass",M18="Pass"),"PASS","FAIL") -> FAIL | O18: =IF(N18="PASS","Release to practicum","Quarantine — do not issue to students") -> Quarantine — do not issue to students
A19: 12 | B19: TB-3P-5MM | C19: Terminal Block 3P | D19: LOT-A-483 | E19: 07-Apr-2026 | F19: 23 | G19: Pass | H19: 10 | I19: 9.72 | J19: Contact R | K19: =IF(G19="Fail","Fail",IF(ABS(I19-H19)/IF(H19=0,1,H19)<=0.1,"Pass","Fail")) -> Pass | L19: Screw Torque Test | M19: Pass | N19: =IF(AND(G19="Pass",K19="Pass",M19="Pass"),"PASS","FAIL") -> PASS | O19: =IF(N19="PASS","Release to practicum","Quarantine — do not issue to students") -> Release to practicum
A21: Inspection Session: Sesi B — Week 2 | Batch: LOT-B-2025
A22: 1 | B22: MOD-NRF24L01 | C22: RF Module 2.4GHz | D22: LOT-B-714 | E22: 12-Apr-2026 | F22: 21 | G22: Pass | H22: 3.3 | I22: 3.69 | J22: Power Test | K22: =IF(G22="Fail","Fail",IF(ABS(I22-H22)/IF(H22=0,1,H22)<=0.1,"Pass","Fail")) -> Fail | L22: TX/RX Comm Test | M22: Pass | N22: =IF(AND(G22="Pass",K22="Pass",M22="Pass"),"PASS","FAIL") -> FAIL | O22: =IF(N22="PASS","Release to practicum","Quarantine — do not issue to students") -> Quarantine — do not issue to students
A23: 2 | B23: MOD-HC-05 | C23: Bluetooth Module | D23: LOT-B-774 | E23: 12-Apr-2026 | F23: 18 | G23: Pass | H23: 5 | I23: 5.27 | J23: AT Cmd Response | K23: =IF(G23="Fail","Fail",IF(ABS(I23-H23)/IF(H23=0,1,H23)<=0.1,"Pass","Fail")) -> Pass | L23: Pairing Test | M23: Pass | N23: =IF(AND(G23="Pass",K23="Pass",M23="Pass"),"PASS","FAIL") -> PASS | O23: =IF(N23="PASS","Release to practicum","Quarantine — do not issue to students") -> Release to practicum
A24: 3 | B24: MOD-SIM800L | C24: GSM/GPRS Module | D24: LOT-B-592 | E24: 12-Apr-2026 | F24: 18 | G24: Pass | H24: 4 | I24: 3.92 | J24: AT Cmd Response | K24: =IF(G24="Fail","Fail",IF(ABS(I24-H24)/IF(H24=0,1,H24)<=0.1,"Pass","Fail")) -> Pass | L24: SIM Card Detection | M24: Pass | N24: =IF(AND(G24="Pass",K24="Pass",M24="Pass"),"PASS","FAIL") -> PASS | O24: =IF(N24="PASS","Release to practicum","Quarantine — do not issue to students") -> Release to practicum
A25: 4 | B25: MOD-LORA32 | C25: LoRa Module 433MHz | D25: LOT-B-385 | E25: 12-Apr-2026 | F25: 18 | G25: Fail | H25: 3.3 | I25: 3.62 | J25: TX Power | K25: =IF(G25="Fail","Fail",IF(ABS(I25-H25)/IF(H25=0,1,H25)<=0.1,"Pass","Fail")) -> Fail | L25: RX Sensitivity | M25: Pass | N25: =IF(AND(G25="Pass",K25="Pass",M25="Pass"),"PASS","FAIL") -> FAIL | O25: =IF(N25="PASS","Release to practicum","Quarantine — do not issue to students") -> Quarantine — do not issue to students
A26: 5 | B26: MOD-MAX485 | C26: RS-485 Transceiver | D26: LOT-B-993 | E26: 13-Apr-2026 | F26: 25 | G26: Pass | H26: 5 | I26: 4.63 | J26: Power Test | K26: =IF(G26="Fail","Fail",IF(ABS(I26-H26)/IF(H26=0,1,H26)<=0.1,"Pass","Fail")) -> Pass | L26: Tx/Rx Enable Test | M26: Pass | N26: =IF(AND(G26="Pass",K26="Pass",M26="Pass"),"PASS","FAIL") -> PASS | O26: =IF(N26="PASS","Release to practicum","Quarantine — do not issue to students") -> Release to practicum
A27: 6 | B27: MOD-MCP2515 | C27: CAN Bus Controller | D27: LOT-B-285 | E27: 13-Apr-2026 | F27: 19 | G27: Pass | H27: 5 | I27: 5 | J27: SPI Comm Test | K27: =IF(G27="Fail","Fail",IF(ABS(I27-H27)/IF(H27=0,1,H27)<=0.1,"Pass","Fail")) -> Pass | L27: CAN Frame Test | M27: Fail | N27: =IF(AND(G27="Pass",K27="Pass",M27="Pass"),"PASS","FAIL") -> FAIL | O27: =IF(N27="PASS","Release to practicum","Quarantine — do not issue to students") -> Quarantine — do not issue to students
A28: 7 | B28: CON-RJ45 | C28: RJ45 Connector Cat5e | D28: LOT-B-200 | E28: 13-Apr-2026 | F28: 22 | G28: Fail | H28: 8 | I28: 7.98 | J28: Continuity | K28: =IF(G28="Fail","Fail",IF(ABS(I28-H28)/IF(H28=0,1,H28)<=0.1,"Pass","Fail")) -> Fail | L28: Crimp Quality | M28: Fail | N28: =IF(AND(G28="Pass",K28="Pass",M28="Pass"),"PASS","FAIL") -> FAIL | O28: =IF(N28="PASS","Release to practicum","Quarantine — do not issue to students") -> Quarantine — do not issue to students
A29: 8 | B29: CBL-USB-A | C29: USB-A to USB-B 1m | D29: LOT-B-892 | E29: 13-Apr-2026 | F29: 18 | G29: Pass | H29: 4 | I29: 3.88 | J29: Pin Continuity | K29: =IF(G29="Fail","Fail",IF(ABS(I29-H29)/IF(H29=0,1,H29)<=0.1,"Pass","Fail")) -> Pass | L29: Data Transfer Test | M29: Pass | N29: =IF(AND(G29="Pass",K29="Pass",M29="Pass"),"PASS","FAIL") -> PASS | O29: =IF(N29="PASS","Release to practicum","Quarantine — do not issue to students") -> Release to practicum
A30: 9 | B30: REL-G5V-DC5 | C30: Signal Relay 5VDC | D30: LOT-B-883 | E30: 14-Apr-2026 | F30: 21 | G30: Pass | H30: 50 | I30: 55.94 | J30: Coil R Meas | K30: =IF(G30="Fail","Fail",IF(ABS(I30-H30)/IF(H30=0,1,H30)<=0.1,"Pass","Fail")) -> Fail | L30: Switching Test | M30: Pass | N30: =IF(AND(G30="Pass",K30="Pass",M30="Pass"),"PASS","FAIL") -> FAIL | O30: =IF(N30="PASS","Release to practicum","Quarantine — do not issue to students") -> Quarantine — do not issue to students
A31: 10 | B31: ANT-2.4G | C31: 2.4GHz PCB Antenna | D31: LOT-B-684 | E31: 14-Apr-2026 | F31: 23 | G31: Pass | H31: 2 | I31: 1.96 | J31: Connector Check | K31: =IF(G31="Fail","Fail",IF(ABS(I31-H31)/IF(H31=0,1,H31)<=0.1,"Pass","Fail")) -> Pass | L31: Return Loss Test | M31: Fail | N31: =IF(AND(G31="Pass",K31="Pass",M31="Pass"),"PASS","FAIL") -> FAIL | O31: =IF(N31="PASS","Release to practicum","Quarantine — do not issue to students") -> Quarantine — do not issue to students
A32: 11 | B32: TB-2P-5MM | C32: Terminal Block 2P | D32: LOT-B-185 | E32: 14-Apr-2026 | F32: 19 | G32: Pass | H32: 10 | I32: 9.82 | J32: Contact R | K32: =IF(G32="Fail","Fail",IF(ABS(I32-H32)/IF(H32=0,1,H32)<=0.1,"Pass","Fail")) -> Pass | L32: Screw Torque Test | M32: Pass | N32: =IF(AND(G32="Pass",K32="Pass",M32="Pass"),"PASS","FAIL") -> PASS | O32: =IF(N32="PASS","Release to practicum","Quarantine — do not issue to students") -> Release to practicum
A33: 12 | B33: TB-3P-5MM | C33: Terminal Block 3P | D33: LOT-B-776 | E33: 14-Apr-2026 | F33: 24 | G33: Pass | H33: 10 | I33: 10.8 | J33: Contact R | K33: =IF(G33="Fail","Fail",IF(ABS(I33-H33)/IF(H33=0,1,H33)<=0.1,"Pass","Fail")) -> Pass | L33: Screw Torque Test | M33: Pass | N33: =IF(AND(G33="Pass",K33="Pass",M33="Pass"),"PASS","FAIL") -> PASS | O33: =IF(N33="PASS","Release to practicum","Quarantine — do not issue to students") -> Release to practicum
A35: Inspection Session: Sesi C — Week 3 | Batch: LOT-C-2026
A36: 1 | B36: MOD-NRF24L01 | C36: RF Module 2.4GHz | D36: LOT-C-616 | E36: 19-Apr-2026 | F36: 18 | G36: Pass | H36: 3.3 | I36: 3.51 | J36: Power Test | K36: =IF(G36="Fail","Fail",IF(ABS(I36-H36)/IF(H36=0,1,H36)<=0.1,"Pass","Fail")) -> Pass | L36: TX/RX Comm Test | M36: Pass | N36: =IF(AND(G36="Pass",K36="Pass",M36="Pass"),"PASS","FAIL") -> PASS | O36: =IF(N36="PASS","Release to practicum","Quarantine — do not issue to students") -> Release to practicum
A37: 2 | B37: MOD-HC-05 | C37: Bluetooth Module | D37: LOT-C-591 | E37: 19-Apr-2026 | F37: 20 | G37: Pass | H37: 5 | I37: 4.96 | J37: AT Cmd Response | K37: =IF(G37="Fail","Fail",IF(ABS(I37-H37)/IF(H37=0,1,H37)<=0.1,"Pass","Fail")) -> Pass | L37: Pairing Test | M37: Pass | N37: =IF(AND(G37="Pass",K37="Pass",M37="Pass"),"PASS","FAIL") -> PASS | O37: =IF(N37="PASS","Release to practicum","Quarantine — do not issue to students") -> Release to practicum
A38: 3 | B38: MOD-SIM800L | C38: GSM/GPRS Module | D38: LOT-C-293 | E38: 19-Apr-2026 | F38: 20 | G38: Pass | H38: 4 | I38: 3.69 | J38: AT Cmd Response | K38: =IF(G38="Fail","Fail",IF(ABS(I38-H38)/IF(H38=0,1,H38)<=0.1,"Pass","Fail")) -> Pass | L38: SIM Card Detection | M38: Pass | N38: =IF(AND(G38="Pass",K38="Pass",M38="Pass"),"PASS","FAIL") -> PASS | O38: =IF(N38="PASS","Release to practicum","Quarantine — do not issue to students") -> Release to practicum
A39: 4 | B39: MOD-LORA32 | C39: LoRa Module 433MHz | D39: LOT-C-306 | E39: 19-Apr-2026 | F39: 22 | G39: Pass | H39: 3.3 | I39: 2.94 | J39: TX Power | K39: =IF(G39="Fail","Fail",IF(ABS(I39-H39)/IF(H39=0,1,H39)<=0.1,"Pass","Fail")) -> Fail | L39: RX Sensitivity | M39: Pass | N39: =IF(AND(G39="Pass",K39="Pass",M39="Pass"),"PASS","FAIL") -> FAIL | O39: =IF(N39="PASS","Release to practicum","Quarantine — do not issue to students") -> Quarantine — do not issue to students
A40: 5 | B40: MOD-MAX485 | C40: RS-485 Transceiver | D40: LOT-C-503 | E40: 20-Apr-2026 | F40: 18 | G40: Pass | H40: 5 | I40: 5.45 | J40: Power Test | K40: =IF(G40="Fail","Fail",IF(ABS(I40-H40)/IF(H40=0,1,H40)<=0.1,"Pass","Fail")) -> Pass | L40: Tx/Rx Enable Test | M40: Pass | N40: =IF(AND(G40="Pass",K40="Pass",M40="Pass"),"PASS","FAIL") -> PASS | O40: =IF(N40="PASS","Release to practicum","Quarantine — do not issue to students") -> Release to practicum
A41: 6 | B41: MOD-MCP2515 | C41: CAN Bus Controller | D41: LOT-C-677 | E41: 20-Apr-2026 | F41: 18 | G41: Pass | H41: 5 | I41: 5.4 | J41: SPI Comm Test | K41: =IF(G41="Fail","Fail",IF(ABS(I41-H41)/IF(H41=0,1,H41)<=0.1,"Pass","Fail")) -> Pass | L41: CAN Frame Test | M41: Fail | N41: =IF(AND(G41="Pass",K41="Pass",M41="Pass"),"PASS","FAIL") -> FAIL | O41: =IF(N41="PASS","Release to practicum","Quarantine — do not issue to students") -> Quarantine — do not issue to students
A42: 7 | B42: CON-RJ45 | C42: RJ45 Connector Cat5e | D42: LOT-C-393 | E42: 20-Apr-2026 | F42: 21 | G42: Pass | H42: 8 | I42: 7.66 | J42: Continuity | K42: =IF(G42="Fail","Fail",IF(ABS(I42-H42)/IF(H42=0,1,H42)<=0.1,"Pass","Fail")) -> Pass | L42: Crimp Quality | M42: Pass | N42: =IF(AND(G42="Pass",K42="Pass",M42="Pass"),"PASS","FAIL") -> PASS | O42: =IF(N42="PASS","Release to practicum","Quarantine — do not issue to students") -> Release to practicum
A43: 8 | B43: CBL-USB-A | C43: USB-A to USB-B 1m | D43: LOT-C-548 | E43: 20-Apr-2026 | F43: 21 | G43: Fail | H43: 4 | I43: 3.81 | J43: Pin Continuity | K43: =IF(G43="Fail","Fail",IF(ABS(I43-H43)/IF(H43=0,1,H43)<=0.1,"Pass","Fail")) -> Fail | L43: Data Transfer Test | M43: Pass | N43: =IF(AND(G43="Pass",K43="Pass",M43="Pass"),"PASS","FAIL") -> FAIL | O43: =IF(N43="PASS","Release to practicum","Quarantine — do not issue to students") -> Quarantine — do not issue to students
A44: 9 | B44: REL-G5V-DC5 | C44: Signal Relay 5VDC | D44: LOT-C-729 | E44: 21-Apr-2026 | F44: 21 | G44: Pass | H44: 50 | I44: 46.6 | J44: Coil R Meas | K44: =IF(G44="Fail","Fail",IF(ABS(I44-H44)/IF(H44=0,1,H44)<=0.1,"Pass","Fail")) -> Pass | L44: Switching Test | M44: Pass | N44: =IF(AND(G44="Pass",K44="Pass",M44="Pass"),"PASS","FAIL") -> PASS | O44: =IF(N44="PASS","Release to practicum","Quarantine — do not issue to students") -> Release to practicum
A45: 10 | B45: ANT-2.4G | C45: 2.4GHz PCB Antenna | D45: LOT-C-982 | E45: 21-Apr-2026 | F45: 18 | G45: Pass | H45: 2 | I45: 1.99 | J45: Connector Check | K45: =IF(G45="Fail","Fail",IF(ABS(I45-H45)/IF(H45=0,1,H45)<=0.1,"Pass","Fail")) -> Pass | L45: Return Loss Test | M45: Pass | N45: =IF(AND(G45="Pass",K45="Pass",M45="Pass"),"PASS","FAIL") -> PASS | O45: =IF(N45="PASS","Release to practicum","Quarantine — do not issue to students") -> Release to practicum
A46: 11 | B46: TB-2P-5MM | C46: Terminal Block 2P | D46: LOT-C-206 | E46: 21-Apr-2026 | F46: 24 | G46: Pass | H46: 10 | I46: 10.5 | J46: Contact R | K46: =IF(G46="Fail","Fail",IF(ABS(I46-H46)/IF(H46=0,1,H46)<=0.1,"Pass","Fail")) -> Pass | L46: Screw Torque Test | M46: Pass | N46: =IF(AND(G46="Pass",K46="Pass",M46="Pass"),"PASS","FAIL") -> PASS | O46: =IF(N46="PASS","Release to practicum","Quarantine — do not issue to students") -> Release to practicum
A47: 12 | B47: TB-3P-5MM | C47: Terminal Block 3P | D47: LOT-C-347 | E47: 21-Apr-2026 | F47: 24 | G47: Pass | H47: 10 | I47: 9.83 | J47: Contact R | K47: =IF(G47="Fail","Fail",IF(ABS(I47-H47)/IF(H47=0,1,H47)<=0.1,"Pass","Fail")) -> Pass | L47: Screw Torque Test | M47: Pass | N47: =IF(AND(G47="Pass",K47="Pass",M47="Pass"),"PASS","FAIL") -> PASS | O47: =IF(N47="PASS","Release to practicum","Quarantine — do not issue to students") -> Release to practicum
A49: Inspection Session: Sesi D — Week 4 | Batch: LOT-D-2027
A50: 1 | B50: MOD-NRF24L01 | C50: RF Module 2.4GHz | D50: LOT-D-363 | E50: 26-Apr-2026 | F50: 20 | G50: Fail | H50: 3.3 | I50: 3.45 | J50: Power Test | K50: =IF(G50="Fail","Fail",IF(ABS(I50-H50)/IF(H50=0,1,H50)<=0.1,"Pass","Fail")) -> Fail | L50: TX/RX Comm Test | M50: Fail | N50: =IF(AND(G50="Pass",K50="Pass",M50="Pass"),"PASS","FAIL") -> FAIL | O50: =IF(N50="PASS","Release to practicum","Quarantine — do not issue to students") -> Quarantine — do not issue to students
A51: 2 | B51: MOD-HC-05 | C51: Bluetooth Module | D51: LOT-D-710 | E51: 26-Apr-2026 | F51: 19 | G51: Pass | H51: 5 | I51: 4.96 | J51: AT Cmd Response | K51: =IF(G51="Fail","Fail",IF(ABS(I51-H51)/IF(H51=0,1,H51)<=0.1,"Pass","Fail")) -> Pass | L51: Pairing Test | M51: Pass | N51: =IF(AND(G51="Pass",K51="Pass",M51="Pass"),"PASS","FAIL") -> PASS | O51: =IF(N51="PASS","Release to practicum","Quarantine — do not issue to students") -> Release to practicum
A52: 3 | B52: MOD-SIM800L | C52: GSM/GPRS Module | D52: LOT-D-611 | E52: 26-Apr-2026 | F52: 18 | G52: Pass | H52: 4 | I52: 3.71 | J52: AT Cmd Response | K52: =IF(G52="Fail","Fail",IF(ABS(I52-H52)/IF(H52=0,1,H52)<=0.1,"Pass","Fail")) -> Pass | L52: SIM Card Detection | M52: Pass | N52: =IF(AND(G52="Pass",K52="Pass",M52="Pass"),"PASS","FAIL") -> PASS | O52: =IF(N52="PASS","Release to practicum","Quarantine — do not issue to students") -> Release to practicum
A53: 4 | B53: MOD-LORA32 | C53: LoRa Module 433MHz | D53: LOT-D-996 | E53: 26-Apr-2026 | F53: 23 | G53: Pass | H53: 3.3 | I53: 3.49 | J53: TX Power | K53: =IF(G53="Fail","Fail",IF(ABS(I53-H53)/IF(H53=0,1,H53)<=0.1,"Pass","Fail")) -> Pass | L53: RX Sensitivity | M53: Pass | N53: =IF(AND(G53="Pass",K53="Pass",M53="Pass"),"PASS","FAIL") -> PASS | O53: =IF(N53="PASS","Release to practicum","Quarantine — do not issue to students") -> Release to practicum
A54: 5 | B54: MOD-MAX485 | C54: RS-485 Transceiver | D54: LOT-D-821 | E54: 27-Apr-2026 | F54: 22 | G54: Pass | H54: 5 | I54: 5.57 | J54: Power Test | K54: =IF(G54="Fail","Fail",IF(ABS(I54-H54)/IF(H54=0,1,H54)<=0.1,"Pass","Fail")) -> Fail | L54: Tx/Rx Enable Test | M54: Pass | N54: =IF(AND(G54="Pass",K54="Pass",M54="Pass"),"PASS","FAIL") -> FAIL | O54: =IF(N54="PASS","Release to practicum","Quarantine — do not issue to students") -> Quarantine — do not issue to students
A55: 6 | B55: MOD-MCP2515 | C55: CAN Bus Controller | D55: LOT-D-510 | E55: 27-Apr-2026 | F55: 19 | G55: Pass | H55: 5 | I55: 5.57 | J55: SPI Comm Test | K55: =IF(G55="Fail","Fail",IF(ABS(I55-H55)/IF(H55=0,1,H55)<=0.1,"Pass","Fail")) -> Fail | L55: CAN Frame Test | M55: Pass | N55: =IF(AND(G55="Pass",K55="Pass",M55="Pass"),"PASS","FAIL") -> FAIL | O55: =IF(N55="PASS","Release to practicum","Quarantine — do not issue to students") -> Quarantine — do not issue to students
A56: 7 | B56: CON-RJ45 | C56: RJ45 Connector Cat5e | D56: LOT-D-876 | E56: 27-Apr-2026 | F56: 23 | G56: Pass | H56: 8 | I56: 7.94 | J56: Continuity | K56: =IF(G56="Fail","Fail",IF(ABS(I56-H56)/IF(H56=0,1,H56)<=0.1,"Pass","Fail")) -> Pass | L56: Crimp Quality | M56: Pass | N56: =IF(AND(G56="Pass",K56="Pass",M56="Pass"),"PASS","FAIL") -> PASS | O56: =IF(N56="PASS","Release to practicum","Quarantine — do not issue to students") -> Release to practicum
A57: 8 | B57: CBL-USB-A | C57: USB-A to USB-B 1m | D57: LOT-D-858 | E57: 27-Apr-2026 | F57: 25 | G57: Pass | H57: 4 | I57: 3.61 | J57: Pin Continuity | K57: =IF(G57="Fail","Fail",IF(ABS(I57-H57)/IF(H57=0,1,H57)<=0.1,"Pass","Fail")) -> Pass | L57: Data Transfer Test | M57: Pass | N57: =IF(AND(G57="Pass",K57="Pass",M57="Pass"),"PASS","FAIL") -> PASS | O57: =IF(N57="PASS","Release to practicum","Quarantine — do not issue to students") -> Release to practicum
A58: 9 | B58: REL-G5V-DC5 | C58: Signal Relay 5VDC | D58: LOT-D-453 | E58: 28-Apr-2026 | F58: 23 | G58: Pass | H58: 50 | I58: 45.03 | J58: Coil R Meas | K58: =IF(G58="Fail","Fail",IF(ABS(I58-H58)/IF(H58=0,1,H58)<=0.1,"Pass","Fail")) -> Pass | L58: Switching Test | M58: Pass | N58: =IF(AND(G58="Pass",K58="Pass",M58="Pass"),"PASS","FAIL") -> PASS | O58: =IF(N58="PASS","Release to practicum","Quarantine — do not issue to students") -> Release to practicum
A59: 10 | B59: ANT-2.4G | C59: 2.4GHz PCB Antenna | D59: LOT-D-591 | E59: 28-Apr-2026 | F59: 18 | G59: Pass | H59: 2 | I59: 1.77 | J59: Connector Check | K59: =IF(G59="Fail","Fail",IF(ABS(I59-H59)/IF(H59=0,1,H59)<=0.1,"Pass","Fail")) -> Fail | L59: Return Loss Test | M59: Pass | N59: =IF(AND(G59="Pass",K59="Pass",M59="Pass"),"PASS","FAIL") -> FAIL | O59: =IF(N59="PASS","Release to practicum","Quarantine — do not issue to students") -> Quarantine — do not issue to students
A60: 11 | B60: TB-2P-5MM | C60: Terminal Block 2P | D60: LOT-D-456 | E60: 28-Apr-2026 | F60: 21 | G60: Pass | H60: 10 | I60: 10.38 | J60: Contact R | K60: =IF(G60="Fail","Fail",IF(ABS(I60-H60)/IF(H60=0,1,H60)<=0.1,"Pass","Fail")) -> Pass | L60: Screw Torque Test | M60: Pass | N60: =IF(AND(G60="Pass",K60="Pass",M60="Pass"),"PASS","FAIL") -> PASS | O60: =IF(N60="PASS","Release to practicum","Quarantine — do not issue to students") -> Release to practicum
A61: 12 | B61: TB-3P-5MM | C61: Terminal Block 3P | D61: LOT-D-205 | E61: 28-Apr-2026 | F61: 19 | G61: Fail | H61: 10 | I61: 8.81 | J61: Contact R | K61: =IF(G61="Fail","Fail",IF(ABS(I61-H61)/IF(H61=0,1,H61)<=0.1,"Pass","Fail")) -> Fail | L61: Screw Torque Test | M61: Fail | N61: =IF(AND(G61="Pass",K61="Pass",M61="Pass"),"PASS","FAIL") -> FAIL | O61: =IF(N61="PASS","Release to practicum","Quarantine — do not issue to students") -> Quarantine — do not issue to students
A64: SESSION SUMMARY
A65: Metric | G65: Value | H65: Total Records | I65: PASS | J65: FAIL | K65: Pass Rate
H66: =COUNTA(B8:B61) -> 48 | I66: =COUNTIF(N8:N61,"PASS") -> 30 | J66: =COUNTIF(N8:N61,"FAIL") -> 18 | K66: =IFERROR(I66/H66,0) -> 0.625
A68: 📋 FORMULA & CALCULATION NOTES — JAR KOMUNIKASI
A69: Column / Field | B69: Calculation Logic
A70: Col K — Test 1 Result | B70: [Formula] IF(g="Fail","Fail", IF(ABS(i-h)/h ≤ 10%, "Pass", "Fail")),TRUE())),TRUE())),TRUE())),TRUE())) | H70: AUTO. Fails if Visual (G) already failed. Otherwise, passes only if measured value (I) is within ±10% of the rated spec (H). Tolerance 10% covers standard component variability.
A71: Col N — Overall Result | B71: [Formula] IF(AND(g="Pass", k="Pass", m="Pass"), "PASS", "FAIL") | H71: AUTO. Component passes only if ALL three tests pass: Visual (G), Test 1 (K), and Test 2 (M). Any single failure triggers FAIL — consistent with incoming inspection standards.
A72: Col O — Remarks / Disposition | B72: [Formula] IF(n="PASS", "Release to practicum", "Quarantine — do not issue") | H72: AUTO. Directly derived from Overall Result. PASS components are cleared for student use. FAIL components are quarantined and tracked in the Defect Log sheet.
A73: Col G — Visual Inspection | B73: [MANUAL INPUT: Pass / Fail] | H73: Inspector physically checks component body, pin integrity, marking, and housing. Recorded as Pass or Fail. Basis for all downstream formula calculations.
A74: Col H — Spec / Rated Value | B74: [MANUAL INPUT: numeric] | H74: Rated value from component datasheet or procurement spec (e.g., 10kΩ, 100µF, 70Ω coil). Used as reference denominator in Test 1 Result formula.
A75: Col I — Measured Value | B75: [MANUAL INPUT: numeric] | H75: Actual measured value from test instrument (multimeter, LCR meter, oscilloscope). Compared against Col H in the Test 1 Result formula.
A76: Col M — Test 2 Result | B76: [MANUAL INPUT: Pass / Fail] | H76: Result of functional test (e.g., logic function, switching response, communication test). Must be observed directly — cannot be calculated from a single measurement.
A77: ℹ Test instruments used: Multimeter (Sanwa CD771), LCR Meter, Oscilloscope (GDS-1022), DC Power Supply (HY3005F), Function Generator. Tolerance threshold ±10% aligned with IEC 60068 incoming inspection practices.

Sheet Defect Log
A1: COMPONENT DEFECT LOG — ALL PRACTIKUM
A2: All FAIL records consolidated here. Input manually when Overall Result = FAIL. Disposition, root cause, and corrective action tracked per defect.
A4: No. | B4: Date | C4: Part Number | D4: Component | E4: Practikum | F4: Defect Type | G4: Failed Test | H4: Root Cause Analysis | I4: Corrective Action | J4: PIC | K4: Status | L4: Disposition
A5: 1 | B5: 22-Apr-25 | C5: R-10kΩ-CFR | D5: Resistor 10kΩ | E5: Elek Analog | F5: Measured value OOSpec | G5: Tolerance Test | H5: Tolerance drift >5% — possible aged batch | I5: Return to procurement; replace with new batch | J5: Lab Staff | K5: Closed | L5: Quarantine — returned
A6: 2 | B6: 23-Apr-25 | C6: IC-74LS00 | D6: NAND Gate IC | E6: Elek Digital | F6: Logic function failure | G6: Logic Function Test | H6: IC damaged — likely ESD during storage | I6: Update anti-static storage SOP; reorder replacement | J6: Lab Staff | K6: Closed | L6: Quarantine — disposed
A7: 3 | B7: 24-Apr-25 | C7: SEN-LM35 | D7: Temp Sensor LM35 | E7: Sistem Instr | F7: Output deviation >10% | G7: Output @25°C Test | H7: Bent VCC pin — physical damage pre-inspection | I7: Inspect all LM35 units for pin integrity before issuing | J7: Lab Staff | K7: Closed | L7: Quarantine — disposed
A8: 4 | B8: 25-Apr-25 | C8: MOD-HC-05 | D8: Bluetooth Module | E8: Jar Komunikasi | F8: No AT command response | G8: AT Cmd Response | H8: Firmware corrupted — likely improper power-down | I8: Re-flash firmware; add power-down SOP to module handling | J8: Lab Staff | K8: In Progress | L8: Hold — pending re-flash
A9: 5 | B9: 28-Apr-25 | C9: RLY-G2R-DC5 | D9: Relay SPDT 5V | E9: Elek Digital | F9: Coil resistance OOSpec | G9: Switching Test | H9: Manufacturing variation — coil R 78Ω vs 70Ω spec | I9: Issue CCAR to supplier; update incoming spec tolerance | J9: Lab Staff | K9: Open | L9: Quarantine — return to vendor
A10: 6 | B10: 29-Apr-25 | C10: C-100µF-EC | D10: Capacitor 100µF | E10: Elek Analog | F10: ESR too high | G10: ESR Test | H10: Electrolyte dry-out — old batch past shelf life | I10: Check batch date on all capacitors; replace if >2yr old | J10: Lab Staff | K10: Closed | L10: Quarantine — disposed
A11: 7 | B11: 30-Apr-25 | C11: SEN-HC-SR04 | D11: Ultrasonic Sensor | E11: Sistem Instr | F11: Echo response failure | G11: Echo Response Test | H11: Transducer membrane damaged — physical impact | I11: Improve storage packaging; add visual inspection step | J11: Lab Staff | K11: Closed | L11: Quarantine — disposed
A12: 8 | B12: 01-May-25 | C12: SW-SLIDE | D12: Slide Switch SPDT | E12: Elek Digital | F12: Contact resistance high | G12: Continuity Test | H12: Oxidized contacts — storage humidity exposure | I12: Store switches in sealed anti-humidity bags | J12: Lab Staff | K12: Open | L12: Quarantine — pending cleaning
A14: DEFECT SUMMARY | E14: Total Defects | F14: Closed | G14: In Progress | H14: Open | I14: Closure Rate
E15: =COUNTA(C5:C12) -> 8 | F15: =COUNTIF(K5:K12,"Closed") -> 5 | G15: =COUNTIF(K5:K12,"In Progress") -> 1 | H15: =COUNTIF(K5:K12,"Open") -> 2 | I15: =IFERROR(F14/E14,0) -> 0

Sheet Defect Analysis & Trend
A1: DEFECT ANALYSIS — PARETO & MONTHLY TREND | Lab SSTK UGM
A2: All defect counts are formula-driven from inspection log sheets | Monthly trend: input columns B,C,D,E,F,I only — rest auto-calculated
B3: Pareto: ELEKTRONIKA ANALOG | H3: Pareto: ELEKTRONIKA DIGITAL
B4: Defect Category | C4: Count | D4: % of Total | E4: Cumulative % | F4: Signal | H4: Defect Category | I4: Count | J4: % of Total | K4: Cumulative % | L4: Signal
B5: Measured Value OOSpec | C5: =COUNTIFS(Elek_Analog!G5:G200,"Pass",Elek_Analog!K5:K200,"Fail") -> 3 | D5: =IFERROR(C5/C9,0) -> 0.5 | E5: =D5 -> 0.5 | F5: =IF(C5=0,"—",IF(C5>2,"▲ High","● Normal")) -> ▲ High | H5: Measured Value OOSpec | I5: =COUNTIFS(Elek_Digital!G5:G200,"Pass",Elek_Digital!K5:K200,"Fail") -> 8 | J5: =IFERROR(I5/I9,0) -> 0.57142857 | K5: =J5 -> 0.57142857 | L5: =IF(I5=0,"—",IF(I5>2,"▲ High","● Normal")) -> ▲ High
B6: Visual Defect | C6: =COUNTIFS(Elek_Analog!G5:G200,"Fail") -> 0 | D6: =IFERROR(C6/C9,0) -> 0 | E6: =E5+D6 -> 0.5 | F6: =IF(C6=0,"—",IF(C6>2,"▲ High","● Normal")) -> — | H6: Visual Defect | I6: =COUNTIFS(Elek_Digital!G5:G200,"Fail") -> 3 | J6: =IFERROR(I6/I9,0) -> 0.21428571 | K6: =K5+J6 -> 0.78571429 | L6: =IF(I6=0,"—",IF(I6>2,"▲ High","● Normal")) -> ▲ High
B7: Functional Test 2 Fail | C7: =COUNTIFS(Elek_Analog!M5:M200,"Fail",Elek_Analog!K5:K200,"Pass",Elek_Analog!G5:G200,"Pass") -> 3 | D7: =IFERROR(C7/C9,0) -> 0.5 | E7: =E6+D7 -> 1 | F7: =IF(C7=0,"—",IF(C7>2,"▲ High","● Normal")) -> ▲ High | H7: Functional Test 2 Fail | I7: =COUNTIFS(Elek_Digital!M5:M200,"Fail",Elek_Digital!K5:K200,"Pass",Elek_Digital!G5:G200,"Pass") -> 3 | J7: =IFERROR(I7/I9,0) -> 0.21428571 | K7: =K6+J7 -> 1 | L7: =IF(I7=0,"—",IF(I7>2,"▲ High","● Normal")) -> ▲ High
B8: Both Tests Fail | C8: =COUNTIFS(Elek_Analog!K5:K200,"Fail",Elek_Analog!M5:M200,"Fail") -> 0 | D8: =IFERROR(C8/C9,0) -> 0 | E8: =E7+D8 -> 1 | F8: =IF(C8=0,"—",IF(C8>2,"▲ High","● Normal")) -> — | H8: Both Tests Fail | I8: =COUNTIFS(Elek_Digital!K5:K200,"Fail",Elek_Digital!M5:M200,"Fail") -> 0 | J8: =IFERROR(I8/I9,0) -> 0 | K8: =K7+J8 -> 1 | L8: =IF(I8=0,"—",IF(I8>2,"▲ High","● Normal")) -> —
B9: TOTAL | C9: =SUM(C5:C8) -> 6 | H9: TOTAL | I9: =SUM(I5:I8) -> 14
B11: Pareto: SISTEM INSTRUMENTASI | H11: Pareto: JARINGAN KOMUNIKASI
B12: Defect Category | C12: Count | D12: % of Total | E12: Cumulative % | F12: Signal | H12: Defect Category | I12: Count | J12: % of Total | K12: Cumulative % | L12: Signal
B13: Sensor Output OOSpec | C13: =COUNTIFS(Sistem_Instr!G5:G200,"Pass",Sistem_Instr!K5:K200,"Fail") -> 4 | D13: =IFERROR(C13/C17,0) -> 0.44444444 | E13: =D13 -> 0.44444444 | F13: =IF(C13=0,"—",IF(C13>2,"▲ High","● Normal")) -> ▲ High | H13: Module Comm Failure | I13: =COUNTIFS(Jar_Komunikasi!G5:G200,"Pass",Jar_Komunikasi!K5:K200,"Fail") -> 8 | J13: =IFERROR(I13/I17,0) -> 0.38095238 | K13: =J13 -> 0.38095238 | L13: =IF(I13=0,"—",IF(I13>2,"▲ High","● Normal")) -> ▲ High
B14: Visual Defect | C14: =COUNTIFS(Sistem_Instr!G5:G200,"Fail") -> 1 | D14: =IFERROR(C14/C17,0) -> 0.11111111 | E14: =E13+D14 -> 0.55555556 | F14: =IF(C14=0,"—",IF(C14>2,"▲ High","● Normal")) -> ● Normal | H14: Visual / Physical Defect | I14: =COUNTIFS(Jar_Komunikasi!G5:G200,"Fail") -> 6 | J14: =IFERROR(I14/I17,0) -> 0.28571429 | K14: =K13+J14 -> 0.66666667 | L14: =IF(I14=0,"—",IF(I14>2,"▲ High","● Normal")) -> ▲ High
B15: Comm Test Fail | C15: =COUNTIFS(Sistem_Instr!M5:M200,"Fail",Sistem_Instr!K5:K200,"Pass",Sistem_Instr!G5:G200,"Pass") -> 4 | D15: =IFERROR(C15/C17,0) -> 0.44444444 | E15: =E14+D15 -> 1 | F15: =IF(C15=0,"—",IF(C15>2,"▲ High","● Normal")) -> ▲ High | H15: Secondary Test Fail | I15: =COUNTIFS(Jar_Komunikasi!M5:M200,"Fail",Jar_Komunikasi!K5:K200,"Pass",Jar_Komunikasi!G5:G200,"Pass") -> 4 | J15: =IFERROR(I15/I17,0) -> 0.19047619 | K15: =K14+J15 -> 0.85714286 | L15: =IF(I15=0,"—",IF(I15>2,"▲ High","● Normal")) -> ▲ High
B16: Both Tests Fail | C16: =COUNTIFS(Sistem_Instr!K5:K200,"Fail",Sistem_Instr!M5:M200,"Fail") -> 0 | D16: =IFERROR(C16/C17,0) -> 0 | E16: =E15+D16 -> 1 | F16: =IF(C16=0,"—",IF(C16>2,"▲ High","● Normal")) -> — | H16: Both Tests Fail | I16: =COUNTIFS(Jar_Komunikasi!K5:K200,"Fail",Jar_Komunikasi!M5:M200,"Fail") -> 3 | J16: =IFERROR(I16/I17,0) -> 0.14285714 | K16: =K15+J16 -> 1 | L16: =IF(I16=0,"—",IF(I16>2,"▲ High","● Normal")) -> ▲ High
B17: TOTAL | C17: =SUM(C13:C16) -> 9 | H17: TOTAL | I17: =SUM(I13:I16) -> 21
A44: Monthly Defect Rate Trend — Lab SSTK (All Practikum Combined)
A45: Input B,C,D,E,F,I only. G=Total Defects(=D+E+F), H=Defect Rate(=G/C), J=Status(auto)
B46: Month [INPUT] | C46: Total Inspected [INPUT] | D46: Electronic Defects [INPUT] | E46: Sensor/Comm Defects [INPUT] | F46: Visual Defects [INPUT] | G46: Total Defects [=D+E+F] | H46: Defect Rate [=G/C] | I46: Target Rate [INPUT] | J46: Status [AUTO]
B47: Jan-25 | C47: 320 | D47: 14 | E47: 8 | F47: 6 | G47: =D47+E47+F47 -> 28 | H47: =IFERROR(G47/C47,0) -> 0.0875 | I47: 0.0005 | J47: =IF(H47<=I47,"On Target","Above Target") -> Above Target
B48: Feb-25 | C48: 320 | D48: 13 | E48: 7 | F48: 5 | G48: =D48+E48+F48 -> 25 | H48: =IFERROR(G48/C48,0) -> 0.078125 | I48: 0.0005 | J48: =IF(H48<=I48,"On Target","Above Target") -> Above Target
B49: Mar-25 | C49: 336 | D49: 11 | E49: 6 | F49: 4 | G49: =D49+E49+F49 -> 21 | H49: =IFERROR(G49/C49,0) -> 0.0625 | I49: 0.0005 | J49: =IF(H49<=I49,"On Target","Above Target") -> Above Target
B50: Apr-25 | C50: 336 | D50: 10 | E50: 6 | F50: 3 | G50: =D50+E50+F50 -> 19 | H50: =IFERROR(G50/C50,0) -> 0.056547619 | I50: 0.0005 | J50: =IF(H50<=I50,"On Target","Above Target") -> Above Target
B51: May-25 | C51: 352 | D51: 8 | E51: 5 | F51: 3 | G51: =D51+E51+F51 -> 16 | H51: =IFERROR(G51/C51,0) -> 0.045454545 | I51: 0.0005 | J51: =IF(H51<=I51,"On Target","Above Target") -> Above Target
B52: Jun-25 | C52: 352 | D52: 7 | E52: 4 | F52: 3 | G52: =D52+E52+F52 -> 14 | H52: =IFERROR(G52/C52,0) -> 0.039772727 | I52: 0.0005 | J52: =IF(H52<=I52,"On Target","Above Target") -> Above Target
B53: Jul-25 | C53: 368 | D53: 6 | E53: 4 | F53: 2 | G53: =D53+E53+F53 -> 12 | H53: =IFERROR(G53/C53,0) -> 0.032608696 | I53: 0.0005 | J53: =IF(H53<=I53,"On Target","Above Target") -> Above Target
B54: Aug-25 | C54: 368 | D54: 5 | E54: 3 | F54: 2 | G54: =D54+E54+F54 -> 10 | H54: =IFERROR(G54/C54,0) -> 0.027173913 | I54: 0.0005 | J54: =IF(H54<=I54,"On Target","Above Target") -> Above Target
B55: Sep-25 | C55: 368 | D55: 5 | E55: 3 | F55: 2 | G55: =D55+E55+F55 -> 10 | H55: =IFERROR(G55/C55,0) -> 0.027173913 | I55: 0.0005 | J55: =IF(H55<=I55,"On Target","Above Target") -> Above Target
B56: Oct-25 | C56: 384 | D56: 4 | E56: 3 | F56: 1 | G56: =D56+E56+F56 -> 8 | H56: =IFERROR(G56/C56,0) -> 0.020833333 | I56: 0.0005 | J56: =IF(H56<=I56,"On Target","Above Target") -> Above Target
B57: Nov-25 | C57: 384 | D57: 4 | E57: 2 | F57: 1 | G57: =D57+E57+F57 -> 7 | H57: =IFERROR(G57/C57,0) -> 0.018229167 | I57: 0.0005 | J57: =IF(H57<=I57,"On Target","Above Target") -> Above Target
B58: Dec-25 | C58: 400 | D58: 3 | E58: 2 | F58: 1 | G58: =D58+E58+F58 -> 6 | H58: =IFERROR(G58/C58,0) -> 0.015 | I58: 0.0005 | J58: =IF(H58<=I58,"On Target","Above Target") -> Above Target
B59: TOTAL/AVG | C59: =SUM(C47:C58) -> 4288 | D59: =SUM(D47:D58) -> 90 | E59: =SUM(E47:E58) -> 53 | F59: =SUM(F47:F58) -> 33 | G59: =SUM(G47:G58) -> 176 | H59: =IFERROR(G59/C59,0) -> 0.041044776
A61: 📋 FORMULA & CALCULATION NOTES — PARETO DEFECT CATEGORIES
A62: Column / Field | B62: Calculation Logic
A63: Count (Pareto table) | B63: [Formula] COUNTIFS(sheet!g:g,"Pass", sheet!k:k,"Fail") | J63: AUTO. Counts rows where Visual passed but Test 1 failed — isolating measurement OOSpec defects. Each defect category uses a different COUNTIFS combination across the inspection log sheet.
A64: % of Total | B64: =IFERROR(count / total_count, 0) -> 0 | J64: AUTO. Defect count for this category divided by total defects for that practikum. Expressed as percentage. Shows relative weight of each defect type — Pareto principle.
A65: Cumulative % | B65: [Formula] previous_row_cumulative + this_row_% | J65: AUTO. Running sum of percentages from top to bottom. When cumulative % reaches 80%, the categories above it are the 'vital few' — prioritised for corrective action per Pareto analysis.
A66: Signal Column | B66: [Formula] IF(count=0,"—", IF(count>2,"▲ High","● Normal")) | J66: AUTO. Quick visual flag. ▲ High = more than 2 defects of this type (requires investigation). ● Normal = 1-2 defects (monitor). — = no defect recorded.
A67: ℹ Pareto counts reference live inspection data in the 4 practikum sheets. Adding new inspection records automatically updates all pareto counts.
A70: 📋 FORMULA & CALCULATION NOTES — MONTHLY TREND CALCULATIONS
A71: Column / Field | B71: Calculation Logic
A72: Col G — Total Defects | B72: [Formula] d + e + f | J72: AUTO. Sum of Electronic Defects (D) + Sensor/Comm Defects (E) + Visual Defects (F). Three input categories chosen to align with lab's 4 practikum domains.
A73: Col H — Defect Rate | B73: [Formula] g / c (total defects / total inspected) | J73: AUTO. Overall defect rate for the month. Expressed as percentage. Key KPI tracked against target. If H > I (target), Status turns red automatically.
A74: Col J — Status | B74: [Formula] IF(h ≤ I, "On Target", "Above Target"),TRUE()),TRUE()),TRUE()),TRUE()) | J74: AUTO. Green 'On Target' if defect rate meets or beats the monthly target. Red 'Above Target' triggers review of that month's inspection records.
A75: Cols B,C,D,E,F,I | B75: [MANUAL INPUT per month] | J75: Month label, total components inspected, defect counts by category, and target rate are entered manually — typically compiled from the 4 inspection log sheets at month-end.
A76: ℹ Monthly trend data is compiled manually from inspection logs at end of each month. Target rate 5.0% aligned with lab quality improvement programme benchmark.
